name,test,inaugurals,d-sep,i-sep,saving,dSepTime,iSepTime
Hepar2,"I(pressure_ruq,Cirrhosis,age)",,124,56,45.16,0.006823062896728516,0.008060932159423828
Hepar2,"I(edema,ESR,ChHepatitis)",,153,81,52.94,0.005970001220703125,0.011281013488769531
Hepar2,"I(urea,hbc_anti,anorexia)",,140,83,59.29,0.0053060054779052734,0.011248111724853516
Hepar2,"I(THepatitis,Hyperbilirubinemia,RHepatitis)",,58,5,8.62,0.002341032028198242,0.0019040107727050781
Hepar2,"I(pain,transfusion,skin)",,44,21,47.73,0.0018320083618164062,0.003998994827270508
Hepar2,"I(upper_pain,Hyperbilirubinemia,sex)",,55,7,12.73,0.002540111541748047,0.0011560916900634766
Hepar2,"I(hcv_anti,Cirrhosis,hbsag)",,88,47,53.41,0.004023075103759766,0.007849931716918945
Hepar2,"I(hbsag_anti,age,vh_amn)",,68,27,39.71,0.0039708614349365234,0.004369974136352539
Hepar2,"I(fatigue,surgery,Cirrhosis)",,92,43,46.74,0.0039060115814208984,0.008329153060913086
Hepar2,"I(inr,hepatalgia,gallstones)",,142,82,57.75,0.005741119384765625,0.011710882186889648
Hepar2,"I(flatulence,hbsag,ascites)",,84,42,50.00,0.003640890121459961,0.005908012390136719
Hepar2,"I(ESR,age,hbsag)",,110,47,42.73,0.0043621063232421875,0.007642984390258789
Hepar2,"I(alcoholism,carcinoma,urea)",,157,88,56.05,0.005769014358520508,0.010593891143798828
Hepar2,"I(Hyperbilirubinemia,amylase,injections)",,35,4,11.43,0.0016298294067382812,0.0013420581817626953
Hepar2,"I(THepatitis,ESR,encephalopathy)",,156,80,51.28,0.005807161331176758,0.01225590705871582
Hepar2,"I(alcoholism,spiders,Steatosis)",,135,67,49.63,0.005013942718505859,0.008337020874023438
Hepar2,"I(ascites,pain,itching)",,113,60,53.10,0.00439000129699707,0.008527040481567383
Hepar2,"I(alcoholism,ama,hcv_anti)",,45,1,2.22,0.0019922256469726562,0.0008509159088134766
Hepar2,"I(anorexia,consciousness,amylase)",,178,99,55.62,0.006356954574584961,0.012406110763549805
Hepar2,"I(skin,surgery,edge)",,134,74,55.22,0.004538059234619141,0.01888298988342285
Hepar2,"I(edge,ggtp,hbeag)",,166,90,54.22,0.006486177444458008,0.012770891189575195
Hepar2,"I(Steatosis,fat,pain_ruq)",,53,11,20.75,0.0029151439666748047,0.0027780532836914062
Hepar2,"I(upper_pain,Cirrhosis,surgery)",,100,47,47.00,0.0054819583892822266,0.005981922149658203
Hepar2,"I(hospital,amylase,le_cells)",,47,1,2.13,0.002315998077392578,0.0005130767822265625
Hepar2,"I(surgery,hbc_anti,diabetes)",,83,33,39.76,0.0038230419158935547,0.0039000511169433594
Hepar2,"I(fatigue,pain_ruq,triglycerides)",,135,52,38.52,0.005836963653564453,0.008868932723999023
Hepar2,"I(spleen,carcinoma,pain_ruq)",,154,92,59.74,0.006615877151489258,0.013355016708374023
Hepar2,"I(hepatalgia,alcohol,pain)",,156,86,55.13,0.007112979888916016,0.012482881546020508
Hepar2,"I(nausea,ama,fat)",,60,9,15.00,0.0026149749755859375,0.0024809837341308594
Hepar2,"I(diabetes,triglycerides,hospital)",,60,13,21.67,0.002621173858642578,0.0015869140625
Hepar2,"I(le_cells,pain_ruq,diabetes)",,96,32,33.33,0.003596067428588867,0.004111051559448242
Hepar2,"I(obesity,ESR,nausea)",,136,60,44.12,0.005778074264526367,0.008839845657348633
Hepar2,"I(bleeding,skin,hospital)",,151,105,69.54,0.007929086685180664,0.015064001083374023
Hepar2,"I(hospital,THepatitis,proteins)",,47,15,31.91,0.002257108688354492,0.003659963607788086
Hepar2,"I(anorexia,fibrosis,fat)",,60,9,15.00,0.0028438568115234375,0.002771139144897461
Hepar2,"I(pain_ruq,nausea,vh_amn)",,87,27,31.03,0.0036749839782714844,0.0048830509185791016
Hepar2,"I(skin,vh_amn,urea)",,134,79,58.96,0.0045430660247802734,0.011356830596923828
Hepar2,"I(consciousness,hbsag_anti,alcoholism)",,143,86,60.14,0.0054950714111328125,0.010419845581054688
Hepar2,"I(surgery,hospital,ascites)",,47,15,31.91,0.0019638538360595703,0.003245115280151367
Hepar2,"I(hepatotoxic,spleen,THepatitis)",,141,74,52.48,0.0056989192962646484,0.009953975677490234
Hepar2,"I(skin,sex,hcv_anti)",,134,76,56.72,0.004569053649902344,0.010976076126098633
Hepar2,"I(triglycerides,choledocholithotomy,urea)",,54,25,46.30,0.002331972122192383,0.004384040832519531
Hepar2,"I(triglycerides,joints,RHepatitis)",,54,10,18.52,0.002847909927368164,0.0018279552459716797
Hepar2,"I(hbeag,hbsag,albumin)",,71,40,56.34,0.003738880157470703,0.0064239501953125
Hepar2,"I(vh_amn,density,pain_ruq)",,165,94,56.97,0.0062329769134521484,0.01114201545715332
Hepar2,"I(hbsag_anti,encephalopathy,anorexia)",,146,85,58.22,0.00622105598449707,0.01116800308227539
Hepar2,"I(pressure_ruq,hepatotoxic,THepatitis)",,92,34,36.96,0.0037369728088378906,0.00563502311706543
Hepar2,"I(alcoholism,spiders,fat)",,135,67,49.63,0.005149126052856445,0.008273839950561523
Hepar2,"I(hospital,phosphatase,Cirrhosis)",,126,67,53.17,0.006112813949584961,0.011007070541381836
Hepar2,"I(joints,Cirrhosis,fatigue)",,42,11,26.19,0.0023529529571533203,0.0033550262451171875
Hepar2,"I(fatigue,Hyperbilirubinemia,jaundice)",,92,48,52.17,0.003969907760620117,0.009428024291992188
Hepar2,"I(fatigue,diabetes,THepatitis)",,92,30,32.61,0.0038590431213378906,0.0059621334075927734
Hepar2,"I(RHepatitis,Hyperbilirubinemia,hepatotoxic)",,25,3,12.00,0.0010509490966796875,0.0013129711151123047
Hepar2,"I(encephalopathy,injections,bilirubin)",,135,81,60.00,0.004889011383056641,0.012661933898925781
Hepar2,"I(inr,palms,hbsag)",,139,78,56.12,0.0070650577545166016,0.011749982833862305
Hepar2,"I(transfusion,surgery,injections)",,59,14,23.73,0.002424955368041992,0.0016789436340332031
Hepar2,"I(age,pain_ruq,palms)",,82,34,41.46,0.0032579898834228516,0.004915952682495117
Hepar2,"I(bilirubin,gallstones,ast)",,127,71,55.91,0.004556894302368164,0.01048898696899414
Hepar2,"I(RHepatitis,ggtp,diabetes)",,142,65,45.77,0.006417036056518555,0.010198116302490234
Hepar2,"I(amylase,choledocholithotomy,hospital)",,13,8,61.54,0.0007829666137695312,0.0009801387786865234
Hepar2,"I(hospital,Hyperbilirubinemia,ESR)",,47,6,12.77,0.002221822738647461,0.0020461082458496094
Hepar2,"I(age,ESR,platelet)",,134,74,55.22,0.005591154098510742,0.009946823120117188
Hepar2,"I(hbc_anti,inr,upper_pain)",,132,70,53.03,0.006891012191772461,0.011898994445800781
Hepar2,"I(density,ascites,consciousness)",,149,88,59.06,0.005856037139892578,0.010823965072631836
Hepar2,"I(nausea,pain,hbsag_anti)",,60,9,15.00,0.002743959426879883,0.003000974655151367
Hepar2,"I(sex,palms,density)",,26,9,34.62,0.002128124237060547,0.0029540061950683594
Hepar2,"I(hcv_anti,ama,pain)",,66,24,36.36,0.0032138824462890625,0.004007101058959961
Hepar2,"I(bilirubin,density,sex)",,152,97,63.82,0.00596308708190918,0.013326883316040039
Hepar2,"I(transfusion,hepatotoxic,fat)",,59,12,20.34,0.0027229785919189453,0.001619100570678711
Hepar2,"I(upper_pain,hcv_anti,sex)",,84,32,38.10,0.0038068294525146484,0.004002809524536133
Hepar2,"I(flatulence,ChHepatitis,choledocholithotomy)",,34,24,70.59,0.002167940139770508,0.0031518936157226562
Hepar2,"I(surgery,ama,hbsag_anti)",,47,7,14.89,0.0026030540466308594,0.0018229484558105469
Hepar2,"I(proteins,palms,RHepatitis)",,126,67,53.17,0.005662202835083008,0.008707046508789062
Hepar2,"I(triglycerides,upper_pain,pain_ruq)",,54,12,22.22,0.0023140907287597656,0.0022630691528320312
Hepar2,"I(injections,ascites,irregular_liver)",,137,69,50.36,0.006044149398803711,0.009305000305175781
Hepar2,"I(hbc_anti,obesity,hbsag)",,66,25,37.88,0.003145933151245117,0.0038750171661376953
Hepar2,"I(pain_ruq,sex,itching)",,69,36,52.17,0.0027930736541748047,0.006139039993286133
Hepar2,"I(injections,Steatosis,surgery)",,59,12,20.34,0.0029621124267578125,0.0018429756164550781
Hepar2,"I(alcohol,Hyperbilirubinemia,hospital)",,111,52,46.85,0.0042438507080078125,0.007857084274291992
Hepar2,"I(proteins,PBC,ama)",,112,53,47.32,0.00535893440246582,0.008592844009399414
Hepar2,"I(hospital,vh_amn,surgery)",,47,1,2.13,0.0019829273223876953,0.0003039836883544922
Hepar2,"I(albumin,diabetes,anorexia)",,109,52,47.71,0.003946065902709961,0.007763862609863281
Hepar2,"I(transfusion,itching,fibrosis)",,146,84,57.53,0.0072481632232666016,0.013087987899780273
Hepar2,"I(PBC,Cirrhosis,hospital)",,41,10,24.39,0.0025429725646972656,0.0029840469360351562
Hepar2,"I(RHepatitis,hepatomegaly,gallstones)",,92,29,31.52,0.0044291019439697266,0.005146980285644531
Hepar2,"I(sex,edge,jaundice)",,26,10,38.46,0.0019769668579101562,0.004626035690307617
Hepar2,"I(triglycerides,edge,albumin)",,134,67,50.00,0.0054171085357666016,0.00939798355102539
Hepar2,"I(hospital,fat,ast)",,47,17,36.17,0.0021619796752929688,0.004288911819458008
Hepar2,"I(flatulence,phosphatase,gallstones)",,127,66,51.97,0.006237983703613281,0.011005878448486328
Hepar2,"I(edge,hbsag_anti,pain_ruq)",,122,69,56.56,0.005721092224121094,0.010432958602905273
Hepar2,"I(edema,consciousness,spleen)",,155,94,60.65,0.006289005279541016,0.012243032455444336
Hepar2,"I(Hyperbilirubinemia,hepatalgia,hcv_anti)",,97,35,36.08,0.004397153854370117,0.005967855453491211
Hepar2,"I(ChHepatitis,fat,joints)",,74,22,29.73,0.0032248497009277344,0.0038101673126220703
Hepar2,"I(pain,THepatitis,ascites)",,44,15,34.09,0.001965045928955078,0.002950906753540039
Hepar2,"I(hepatomegaly,le_cells,anorexia)",,98,37,37.76,0.0037660598754882812,0.00634312629699707
Hepar2,"I(jaundice,hepatomegaly,cholesterol)",,148,92,62.16,0.006021022796630859,0.01354217529296875
Hepar2,"I(pain_ruq,joints,upper_pain)",,86,28,32.56,0.003942012786865234,0.004706859588623047
Hepar2,"I(pain_ruq,ama,edema)",,86,39,45.35,0.0051038265228271484,0.007842779159545898
Hepar2,"I(inr,ChHepatitis,hbsag)",,90,43,47.78,0.003929853439331055,0.008475065231323242
Hepar2,"I(edema,hbc_anti,hepatalgia)",,119,66,55.46,0.004669904708862305,0.009282112121582031
Hepar2,"I(hbsag,irregular_liver,hbsag_anti)",,128,68,53.13,0.005288124084472656,0.008862018585205078
Hepar2,"I(ascites,joints,irregular_liver)",,113,54,47.79,0.004461050033569336,0.008126974105834961
Hepar2,"I(amylase,Hyperbilirubinemia,jaundice)",,55,27,49.09,0.002399921417236328,0.0054340362548828125
Hepar2,"I(surgery,hbeag,sex)",,83,33,39.76,0.003551959991455078,0.00413203239440918
Hepar2,"I(density,le_cells,Steatosis)",,135,74,54.81,0.005064964294433594,0.010680913925170898
Hepar2,"I(gallstones,age,fatigue)",,54,11,20.37,0.002311229705810547,0.003100872039794922
Hepar2,"I(albumin,nausea,ChHepatitis)",,129,63,48.84,0.004841804504394531,0.01027679443359375
Hepar2,"I(ama,le_cells,urea)",,45,19,42.22,0.0017819404602050781,0.003175973892211914
Hepar2,"I(itching,edema,pain_ruq)",,144,87,60.42,0.007239818572998047,0.015272855758666992
Hepar2,"I(ast,hbc_anti,gallstones)",,110,62,56.36,0.006028175354003906,0.011052846908569336
Hepar2,"I(ascites,hbc_anti,THepatitis)",,121,65,53.72,0.004928112030029297,0.009428024291992188
Hepar2,"I(hepatotoxic,fat,hbeag)",,15,2,13.33,0.0008771419525146484,0.001271963119506836
Hepar2,"I(surgery,bilirubin,hbeag)",,137,77,56.20,0.006760120391845703,0.012516021728515625
Hepar2,"I(nausea,density,THepatitis)",,178,99,55.62,0.0066890716552734375,0.013210058212280273
Hepar2,"I(Hyperbilirubinemia,transfusion,le_cells)",,35,8,22.86,0.0016760826110839844,0.002295970916748047
Hepar2,"I(RHepatitis,Cirrhosis,diabetes)",,25,3,12.00,0.0015749931335449219,0.0020449161529541016
Hepar2,"I(PBC,nausea,Cirrhosis)",,41,10,24.39,0.001708984375,0.0029578208923339844
Hepar2,"I(choledocholithotomy,triglycerides,pain_ruq)",,57,7,12.28,0.0025408267974853516,0.0017201900482177734
Hepar2,"I(fat,flatulence,hepatomegaly)",,56,8,14.29,0.0026330947875976562,0.001634836196899414
Hepar2,"I(gallstones,choledocholithotomy,pain)",,12,7,58.33,0.0006439685821533203,0.0013289451599121094
Hepar2,"I(jaundice,vh_amn,joints)",,134,74,55.22,0.005040884017944336,0.01096796989440918
Hepar2,"I(upper_pain,carcinoma,flatulence)",,161,82,50.93,0.006020784378051758,0.010323047637939453
Hepar2,"I(albumin,pressure_ruq,platelet)",,148,79,53.38,0.005727052688598633,0.01045083999633789
Hepar2,"I(injections,hepatalgia,hepatomegaly)",,59,12,20.34,0.0034170150756835938,0.002935171127319336
Hepar2,"I(phosphatase,jaundice,hepatomegaly)",,160,102,63.75,0.007918119430541992,0.014940977096557617
Hepar2,"I(ESR,edema,nausea)",,143,83,58.04,0.005919933319091797,0.013255119323730469
Hepar2,"I(pain,spleen,ast)",,44,15,34.09,0.003126859664916992,0.004961967468261719
Hepar2,"I(pain_ruq,carcinoma,ast)",,147,87,59.18,0.0064008235931396484,0.012447118759155273
Hepar2,"I(age,ggtp,spiders)",,146,77,52.74,0.006799936294555664,0.01254582405090332
Hepar2,"I(cholesterol,skin,fatigue)",,132,88,66.67,0.007052183151245117,0.01511693000793457
Hepar2,"I(pressure_ruq,age,consciousness)",,92,49,53.26,0.003609895706176758,0.008115053176879883
Hepar2,"I(Hyperbilirubinemia,encephalopathy,hbeag)",,160,85,53.13,0.005939960479736328,0.011185169219970703
Hepar2,"I(flatulence,hospital,Hyperbilirubinemia)",,55,7,12.73,0.0022869110107421875,0.001165151596069336
Hepar2,"I(Steatosis,surgery,vh_amn)",,53,9,16.98,0.002485036849975586,0.0018761157989501953
Hepar2,"I(ama,diabetes,hbc_anti)",,42,11,26.19,0.0018739700317382812,0.003061056137084961
Hepar2,"I(spleen,joints,hepatomegaly)",,120,62,51.67,0.0051610469818115234,0.01063990592956543
Hepar2,"I(itching,spiders,hbsag)",,144,86,59.72,0.006040096282958984,0.012427091598510742
Hepar2,"I(albumin,fibrosis,pressure_ruq)",,71,31,43.66,0.0030128955841064453,0.005712032318115234
Hepar2,"I(proteins,alcohol,albumin)",,126,67,53.17,0.006150007247924805,0.009273052215576172
Hepar2,"I(inr,hbsag,hbsag_anti)",,133,74,55.64,0.0056591033935546875,0.012263059616088867
Hepar2,"I(surgery,ESR,Hyperbilirubinemia)",,135,60,44.44,0.0061910152435302734,0.00816202163696289
Hepar2,"I(edge,RHepatitis,PBC)",,111,52,46.85,0.0046842098236083984,0.009173870086669922
Hepar2,"I(palms,fibrosis,urea)",,71,36,50.70,0.0031189918518066406,0.006312847137451172
Hepar2,"I(bilirubin,Hyperbilirubinemia,irregular_liver)",,133,75,56.39,0.004885196685791016,0.010707855224609375
Hepar2,"I(hbsag_anti,jaundice,flatulence)",,139,85,61.15,0.0072231292724609375,0.013871908187866211
Hepar2,"I(amylase,carcinoma,cholesterol)",,161,86,53.42,0.006418943405151367,0.010713815689086914
Hepar2,"I(injections,fatigue,joints)",,109,40,36.70,0.004865169525146484,0.006815910339355469
Hepar2,"I(hepatotoxic,flatulence,fibrosis)",,15,2,13.33,0.001049041748046875,0.0013031959533691406
Hepar2,"I(surgery,inr,diabetes)",,140,72,51.43,0.006882190704345703,0.013603925704956055
Hepar2,"I(proteins,hbsag,Steatosis)",,120,63,52.50,0.005082130432128906,0.009507894515991211
Hepar2,"I(nausea,sex,spiders)",,60,21,35.00,0.0023889541625976562,0.005522012710571289
Hepar2,"I(ChHepatitis,THepatitis,ESR)",,73,23,31.51,0.0032711029052734375,0.004992961883544922
Hepar2,"I(obesity,alt,THepatitis)",,137,76,55.47,0.006346940994262695,0.011245965957641602
Hepar2,"I(hcv_anti,inr,transfusion)",,132,70,53.03,0.007176876068115234,0.012043952941894531
Hepar2,"I(flatulence,hepatomegaly,albumin)",,55,21,38.18,0.0030171871185302734,0.005097866058349609
Hepar2,"I(inr,hcv_anti,surgery)",,133,72,54.14,0.005682945251464844,0.011832952499389648
Hepar2,"I(surgery,bleeding,itching)",,147,92,62.59,0.010874032974243164,0.01497507095336914
Hepar2,"I(le_cells,ChHepatitis,ESR)",,42,14,33.33,0.002106904983520508,0.0031211376190185547
Hepar2,"I(hepatotoxic,triglycerides,obesity)",,15,2,13.33,0.000985860824584961,0.0012450218200683594
Hepar2,"I(proteins,amylase,transfusion)",,113,54,47.79,0.004082202911376953,0.008153915405273438
Hepar2,"I(cholesterol,jaundice,alcohol)",,132,85,64.39,0.008367061614990234,0.013231992721557617
Hepar2,"I(amylase,joints,irregular_liver)",,55,21,38.18,0.0024399757385253906,0.004232883453369141
Hepar2,"I(triglycerides,surgery,upper_pain)",,54,10,18.52,0.0022821426391601562,0.0018620491027832031
Hepar2,"I(itching,bleeding,hepatotoxic)",,164,107,65.24,0.007656097412109375,0.015826940536499023
Hepar2,"I(upper_pain,ChHepatitis,edema)",,34,24,70.59,0.0026941299438476562,0.003198862075805664
Hepar2,"I(hbc_anti,ESR,urea)",,126,75,59.52,0.0060541629791259766,0.013993978500366211
Hepar2,"I(bilirubin,ESR,triglycerides)",,144,87,60.42,0.006036043167114258,0.01249384880065918
Hepar2,"I(palms,jaundice,vh_amn)",,155,91,58.71,0.007272005081176758,0.012542009353637695
Hepar2,"I(ChHepatitis,bleeding,alt)",,148,88,59.46,0.007267951965332031,0.014413118362426758
Hepar2,"I(edge,pain_ruq,encephalopathy)",,137,75,54.74,0.005238056182861328,0.011073112487792969
Hepar2,"I(consciousness,Cirrhosis,pain_ruq)",,47,23,48.94,0.0023648738861083984,0.0044040679931640625
Hepar2,"I(density,hospital,transfusion)",,132,71,53.79,0.004728794097900391,0.010335206985473633
Hepar2,"I(hbsag,upper_pain,skin)",,68,40,58.82,0.0030159950256347656,0.007266998291015625
Hepar2,"I(hepatomegaly,anorexia,Cirrhosis)",,85,40,47.06,0.0035970211029052734,0.007853031158447266
Hepar2,"I(choledocholithotomy,ggtp,hepatalgia)",,142,67,47.18,0.006659030914306641,0.011172056198120117
Hepar2,"I(hospital,Cirrhosis,alt)",,99,52,52.53,0.0052509307861328125,0.008638858795166016
Hepar2,"I(itching,gallstones,inr)",,128,72,56.25,0.00475001335144043,0.011147022247314453
Hepar2,"I(encephalopathy,ast,ESR)",,160,99,61.88,0.008552074432373047,0.014982938766479492
Hepar2,"I(alcohol,edema,hbeag)",,125,68,54.40,0.00519108772277832,0.008661031723022461
Hepar2,"I(pressure_ruq,density,sex)",,142,80,56.34,0.006247043609619141,0.011363029479980469
Hepar2,"I(pain_ruq,joints,edema)",,86,39,45.35,0.0036041736602783203,0.006321907043457031
Hepar2,"I(cholesterol,hbsag,joints)",,117,53,45.30,0.005084991455078125,0.00727081298828125
Hepar2,"I(surgery,albumin,choledocholithotomy)",,136,68,50.00,0.005326032638549805,0.008025884628295898
Hepar2,"I(diabetes,hbc_anti,hcv_anti)",,36,2,5.56,0.0023119449615478516,0.0012178421020507812
Hepar2,"I(fatigue,RHepatitis,ast)",,93,46,49.46,0.003704071044921875,0.008088111877441406
Hepar2,"I(spleen,obesity,ESR)",,117,59,50.43,0.004444122314453125,0.00962209701538086
Hepar2,"I(upper_pain,RHepatitis,ast)",,55,23,41.82,0.0023391246795654297,0.0053598880767822266
Hepar2,"I(le_cells,hepatomegaly,PBC)",,105,38,36.19,0.0058879852294921875,0.007701873779296875
Hepar2,"I(encephalopathy,cholesterol,bilirubin)",,145,94,64.83,0.005854129791259766,0.012516021728515625
Hepar2,"I(ggtp,amylase,fibrosis)",,122,51,41.80,0.004992961883544922,0.009883880615234375
Hepar2,"I(palms,Cirrhosis,choledocholithotomy)",,2,2,100.00,0.0009760856628417969,0.0015411376953125
Hepar2,"I(hospital,hbsag,hcv_anti)",,83,35,42.17,0.0035979747772216797,0.004230022430419922
Hepar2,"I(fat,palms,hcv_anti)",,137,69,50.36,0.0049779415130615234,0.007992029190063477
Hepar2,"I(RHepatitis,itching,Steatosis)",,25,3,12.00,0.0026030540466308594,0.0028150081634521484
Hepar2,"I(fat,ESR,irregular_liver)",,136,71,52.21,0.006346940994262695,0.025307178497314453
Hepar2,"I(ama,Cirrhosis,edge)",,42,11,26.19,0.002415895462036133,0.0033578872680664062
Hepar2,"I(pain_ruq,Steatosis,alcoholism)",,37,8,21.62,0.001650094985961914,0.0015130043029785156
Hepar2,"I(consciousness,hcv_anti,edge)",,140,81,57.86,0.005295991897583008,0.00998997688293457
Hepar2,"I(obesity,urea,consciousness)",,155,90,58.06,0.0060291290283203125,0.01104879379272461
Hepar2,"I(pressure_ruq,spleen,hospital)",,160,85,53.13,0.006318092346191406,0.012761116027832031
Hepar2,"I(THepatitis,jaundice,proteins)",,173,95,54.91,0.006899118423461914,0.013694047927856445
Hepar2,"I(proteins,spleen,alcoholism)",,141,78,55.32,0.006272077560424805,0.012923002243041992
Hepar2,"I(age,flatulence,hbc_anti)",,26,1,3.85,0.0016200542449951172,0.0008950233459472656
Hepar2,"I(obesity,transfusion,ESR)",,38,7,18.42,0.0025179386138916016,0.002270221710205078
Hepar2,"I(sex,edge,THepatitis)",,26,1,3.85,0.0021300315856933594,0.0010590553283691406
Hepar2,"I(anorexia,itching,ascites)",,175,99,56.57,0.007393836975097656,0.015215158462524414
Hepar2,"I(density,hepatomegaly,hbsag_anti)",,154,93,60.39,0.006561994552612305,0.013991117477416992
Hepar2,"I(skin,PBC,hbc_anti)",,127,72,56.69,0.004750967025756836,0.010502099990844727
Hepar2,"I(jaundice,amylase,ggtp)",,135,79,58.52,0.004881858825683594,0.010729074478149414
Hepar2,"I(edge,inr,hcv_anti)",,156,83,53.21,0.006783008575439453,0.01211094856262207
Hepar2,"I(surgery,palms,amylase)",,136,68,50.00,0.004892826080322266,0.007984161376953125
Hepar2,"I(hepatalgia,itching,hepatotoxic)",,160,99,61.88,0.007767200469970703,0.015074014663696289
Hepar2,"I(hospital,THepatitis,pain)",,47,1,2.13,0.002235889434814453,0.0006661415100097656
Hepar2,"I(ggtp,triglycerides,hepatomegaly)",,125,57,45.60,0.005599021911621094,0.011776924133300781
Hepar2,"I(fatigue,consciousness,ESR)",,166,101,60.84,0.0069179534912109375,0.01357412338256836
Hepar2,"I(itching,hepatotoxic,Hyperbilirubinemia)",,134,74,55.22,0.004823923110961914,0.010569095611572266
Hepar2,"I(hepatotoxic,albumin,spleen)",,15,4,26.67,0.0014882087707519531,0.00273895263671875
Hepar2,"I(bilirubin,cholesterol,hospital)",,143,86,60.14,0.00645899772644043,0.014858007431030273
Hepar2,"I(ama,THepatitis,PBC)",,42,11,26.19,0.0020449161529541016,0.0021550655364990234
Hepar2,"I(joints,consciousness,fibrosis)",,161,90,55.90,0.006118059158325195,0.010629892349243164
Hepar2,"I(platelet,hepatotoxic,urea)",,129,69,53.49,0.004682064056396484,0.010053873062133789
Hepar2,"I(Cirrhosis,itching,anorexia)",,154,92,59.74,0.006763935089111328,0.014555931091308594
Hepar2,"I(choledocholithotomy,itching,hepatalgia)",,150,94,62.67,0.006722927093505859,0.011966943740844727
Hepar2,"I(THepatitis,age,phosphatase)",,58,20,34.48,0.0022161006927490234,0.0051839351654052734
Hepar2,"I(anorexia,amylase,pain)",,60,9,15.00,0.0023479461669921875,0.0026869773864746094
Hepar2,"I(consciousness,spiders,alcoholism)",,146,85,58.22,0.0063018798828125,0.012015819549560547
Hepar2,"I(age,alcoholism,albumin)",,26,1,3.85,0.001322031021118164,0.001149892807006836
Hepar2,"I(alt,itching,spiders)",,151,92,60.93,0.0069620609283447266,0.014838933944702148
Hepar2,"I(spiders,fibrosis,hbeag)",,71,31,43.66,0.002961874008178711,0.0047800540924072266
Hepar2,"I(pressure_ruq,spleen,skin)",,160,92,57.50,0.007947921752929688,0.015587091445922852
Hepar2,"I(Hyperbilirubinemia,obesity,sex)",,35,4,11.43,0.001741170883178711,0.0011448860168457031
Hepar2,"I(sex,vh_amn,itching)",,26,10,38.46,0.001255035400390625,0.0032999515533447266
Hepar2,"I(gallstones,proteins,Hyperbilirubinemia)",,135,65,48.15,0.004976034164428711,0.008186101913452148
Hepar2,"I(edema,age,vh_amn)",,111,52,46.85,0.004317045211791992,0.007973909378051758
Hepar2,"I(transfusion,pain,edge)",,59,27,45.76,0.0032460689544677734,0.005257129669189453
Hepar2,"I(ascites,flatulence,surgery)",,114,55,48.25,0.004305124282836914,0.0073549747467041016
Hepar2,"I(gallstones,Cirrhosis,injections)",,99,46,46.46,0.0041370391845703125,0.0059680938720703125
Hepar2,"I(ast,hospital,bilirubin)",,103,59,57.28,0.004396915435791016,0.010540008544921875
Hepar2,"I(hbsag,fat,edema)",,68,35,51.47,0.0035729408264160156,0.00793600082397461
Hepar2,"I(THepatitis,amylase,sex)",,58,5,8.62,0.0022029876708984375,0.0020961761474609375
Hepar2,"I(hepatomegaly,hcv_anti,injections)",,81,23,28.40,0.0036301612854003906,0.005368947982788086
Hepar2,"I(pain_ruq,nausea,flatulence)",,87,27,31.03,0.003587961196899414,0.004792928695678711
Hepar2,"I(edema,hepatomegaly,anorexia)",,149,74,49.66,0.005767107009887695,0.011117935180664062
Hepar2,"I(ascites,hepatalgia,sex)",,158,81,51.27,0.006175994873046875,0.011395931243896484
Hepar2,"I(alcoholism,skin,hepatomegaly)",,160,96,60.00,0.006855010986328125,0.012639999389648438
Hepar2,"I(hepatomegaly,choledocholithotomy,ama)",,81,27,33.33,0.003258943557739258,0.005702018737792969
Hepar2,"I(itching,fibrosis,choledocholithotomy)",,134,78,58.21,0.005478858947753906,0.011900186538696289
Hepar2,"I(upper_pain,fibrosis,pressure_ruq)",,66,33,50.00,0.002789020538330078,0.004345893859863281
Hepar2,"I(gallstones,Hyperbilirubinemia,diabetes)",,54,6,11.11,0.002251148223876953,0.0012140274047851562
Hepar2,"I(phosphatase,PBC,jaundice)",,115,66,57.39,0.004492998123168945,0.011940956115722656
Hepar2,"I(hbeag,fatigue,anorexia)",,101,42,41.58,0.005838871002197266,0.007424116134643555
Hepar2,"I(hospital,anorexia,THepatitis)",,47,1,2.13,0.002254009246826172,0.0005829334259033203
Hepar2,"I(joints,anorexia,hospital)",,42,11,26.19,0.0020360946655273438,0.0021440982818603516
Hepar2,"I(hbc_anti,pressure_ruq,hbsag_anti)",,101,46,45.54,0.004800081253051758,0.0059659481048583984
Hepar2,"I(fibrosis,choledocholithotomy,hbc_anti)",,66,16,24.24,0.0027108192443847656,0.003011941909790039
Hepar2,"I(hbc_anti,ascites,consciousness)",,130,74,56.92,0.0052950382232666016,0.00956106185913086
Hepar2,"I(consciousness,spleen,palms)",,161,96,59.63,0.006206989288330078,0.014183998107910156
Hepar2,"I(le_cells,pressure_ruq,pain_ruq)",,108,44,40.74,0.004765033721923828,0.006410121917724609
Hepar2,"I(le_cells,consciousness,nausea)",,161,92,57.14,0.00602412223815918,0.011247873306274414
Hepar2,"I(albumin,anorexia,platelet)",,129,65,50.39,0.004797935485839844,0.01020503044128418
Hepar2,"I(inr,phosphatase,sex)",,142,81,57.04,0.006906032562255859,0.013092041015625
Hepar2,"I(hospital,encephalopathy,amylase)",,157,83,52.87,0.007155895233154297,0.012079954147338867
Hepar2,"I(hcv_anti,cholesterol,jaundice)",,125,75,60.00,0.005602121353149414,0.011886835098266602
Hepar2,"I(jaundice,itching,hcv_anti)",,149,91,61.07,0.006973981857299805,0.013843774795532227
Hepar2,"I(bilirubin,edge,pain_ruq)",,143,86,60.14,0.00590205192565918,0.012397050857543945
Hepar2,"I(gallstones,ESR,cholesterol)",,135,61,45.19,0.0057489871978759766,0.008201122283935547
Hepar2,"I(albumin,joints,injections)",,111,52,46.85,0.0041849613189697266,0.00777888298034668
Hepar2,"I(hbsag_anti,inr,hbc_anti)",,133,73,54.89,0.006566047668457031,0.011374950408935547
Hepar2,"I(fatigue,age,flatulence)",,92,30,32.61,0.0037031173706054688,0.005815982818603516
Hepar2,"I(cholesterol,encephalopathy,pain)",,123,75,60.98,0.005663871765136719,0.010090112686157227
Hepar2,"I(cholesterol,vh_amn,fatigue)",,109,46,42.20,0.004146099090576172,0.0075609683990478516
Hepar2,"I(Steatosis,choledocholithotomy,Cirrhosis)",,53,20,37.74,0.0022499561309814453,0.0037751197814941406
Hepar2,"I(transfusion,Cirrhosis,alt)",,97,50,51.55,0.003831148147583008,0.007258892059326172
Hepar2,"I(RHepatitis,spleen,jaundice)",,138,80,57.97,0.008293867111206055,0.01273202896118164
Hepar2,"I(RHepatitis,choledocholithotomy,gallstones)",,25,3,12.00,0.0010519027709960938,0.0011789798736572266
Hepar2,"I(amylase,fat,skin)",,56,28,50.00,0.0022068023681640625,0.004873037338256836
Hepar2,"I(cholesterol,hbsag_anti,carcinoma)",,120,71,59.17,0.004971981048583984,0.009135961532592773
Hepar2,"I(edge,bleeding,pain_ruq)",,168,103,61.31,0.007050037384033203,0.012811899185180664
Hepar2,"I(consciousness,edge,alcohol)",,146,85,58.22,0.0059261322021484375,0.010733842849731445
Hepar2,"I(age,alt,itching)",,26,10,38.46,0.002763986587524414,0.0044519901275634766
Hepar2,"I(pain_ruq,alcohol,urea)",,144,82,56.94,0.005424022674560547,0.012675046920776367
Hepar2,"I(proteins,injections,age)",,116,57,49.14,0.005630016326904297,0.007982015609741211
Hepar2,"I(edge,Cirrhosis,hbc_anti)",,2,2,100.00,0.0007441043853759766,0.0015070438385009766
Hepar2,"I(spleen,surgery,ChHepatitis)",,120,59,49.17,0.004148960113525391,0.013203144073486328
Hepar2,"I(choledocholithotomy,alt,palms)",,125,66,52.80,0.0066699981689453125,0.010795116424560547
Hepar2,"I(spleen,skin,age)",,160,98,61.25,0.0069849491119384766,0.013586044311523438
Hepar2,"I(obesity,inr,flatulence)",,150,80,53.33,0.006617069244384766,0.011011838912963867
Hepar2,"I(albumin,hepatalgia,hbc_anti)",,156,81,51.92,0.005699872970581055,0.01079416275024414
Hepar2,"I(pressure_ruq,alcohol,diabetes)",,152,76,50.00,0.00552821159362793,0.009724855422973633
Hepar2,"I(edema,bilirubin,hbsag)",,145,83,57.24,0.006176948547363281,0.01405191421508789
Hepar2,"I(hbsag_anti,anorexia,flatulence)",,68,27,39.71,0.003866910934448242,0.0044100284576416016
Hepar2,"I(pain_ruq,consciousness,pressure_ruq)",,153,93,60.78,0.005891084671020508,0.011153936386108398
Hepar2,"I(Hyperbilirubinemia,triglycerides,pain)",,35,9,25.71,0.0017118453979492188,0.001981019973754883
Hepar2,"I(hospital,PBC,nausea)",,47,1,2.13,0.0019600391387939453,0.0006959438323974609
Hepar2,"I(ESR,RHepatitis,amylase)",,110,45,40.91,0.004230022430419922,0.007380962371826172
Hepar2,"I(hospital,ChHepatitis,RHepatitis)",,35,25,71.43,0.0018529891967773438,0.0022809505462646484
Hepar2,"I(bilirubin,jaundice,palms)",,148,88,59.46,0.0064849853515625,0.012665033340454102
Hepar2,"I(bleeding,bilirubin,proteins)",,140,94,67.14,0.006574869155883789,0.013158082962036133
Hepar2,"I(platelet,hbsag_anti,joints)",,140,79,56.43,0.005552053451538086,0.011902093887329102
Hepar2,"I(anorexia,le_cells,pain_ruq)",,60,12,20.00,0.002498149871826172,0.0035059452056884766
Hepar2,"I(hepatomegaly,spiders,phosphatase)",,155,84,54.19,0.0059680938720703125,0.011479854583740234
Hepar2,"I(diabetes,age,fat)",,36,2,5.56,0.002125978469848633,0.0004069805145263672
Hepar2,"I(ama,proteins,vh_amn)",,42,11,26.19,0.0021429061889648438,0.0027000904083251953
Hepar2,"I(ama,ascites,surgery)",,42,11,26.19,0.002235889434814453,0.002725839614868164
Hepar2,"I(fatigue,jaundice,spleen)",,150,91,60.67,0.006866931915283203,0.014028072357177734
Hepar2,"I(ama,urea,anorexia)",,161,92,57.14,0.006051063537597656,0.010900020599365234
Hepar2,"I(fat,Hyperbilirubinemia,nausea)",,55,7,12.73,0.0022580623626708984,0.001271963119506836
Hepar2,"I(pain_ruq,hepatotoxic,bleeding)",,69,37,53.62,0.0030820369720458984,0.007981061935424805
Hepar2,"I(pain_ruq,jaundice,ggtp)",,145,95,65.52,0.008440971374511719,0.012963056564331055
Hepar2,"I(hepatomegaly,le_cells,hbeag)",,98,35,35.71,0.003906965255737305,0.006788015365600586
Hepar2,"I(spleen,hbc_anti,transfusion)",,128,69,53.91,0.004807949066162109,0.010272979736328125
Hepar2,"I(fibrosis,inr,spleen)",,150,83,55.33,0.006916999816894531,0.012048006057739258
Hepar2,"I(Hyperbilirubinemia,spleen,transfusion)",,35,4,11.43,0.0024461746215820312,0.0022499561309814453
Hepar2,"I(fibrosis,edge,ama)",,128,66,51.56,0.004914045333862305,0.00822305679321289
Hepar2,"I(alcoholism,Steatosis,joints)",,22,9,40.91,0.0011451244354248047,0.0008378028869628906
Hepar2,"I(age,pain,hbc_anti)",,47,18,38.30,0.002012014389038086,0.0024640560150146484
Hepar2,"I(skin,pressure_ruq,ggtp)",,141,87,61.70,0.005427122116088867,0.011087894439697266
Hepar2,"I(hbsag_anti,alcoholism,hospital)",,68,27,39.71,0.002989053726196289,0.0037360191345214844
Hepar2,"I(RHepatitis,hepatomegaly,age)",,92,29,31.52,0.0040149688720703125,0.005317211151123047
Hepar2,"I(bilirubin,hbc_anti,Hyperbilirubinemia)",,137,79,57.66,0.005290985107421875,0.011162042617797852
Hepar2,"I(anorexia,hepatotoxic,consciousness)",,59,24,40.68,0.002101898193359375,0.004953145980834961
Hepar2,"I(albumin,ast,alt)",,140,81,57.86,0.006178855895996094,0.010709047317504883
Hepar2,"I(hepatotoxic,alt,alcohol)",,121,65,53.72,0.005977153778076172,0.0109710693359375
Hepar2,"I(ama,gallstones,choledocholithotomy)",,42,11,26.19,0.001516103744506836,0.0020020008087158203
Hepar2,"I(anorexia,albumin,le_cells)",,150,75,50.00,0.005258083343505859,0.009835004806518555
Hepar2,"I(hepatomegaly,irregular_liver,pain_ruq)",,155,82,52.90,0.005764961242675781,0.010781049728393555
Hepar2,"I(alt,phosphatase,joints)",,117,69,58.97,0.005833148956298828,0.011221885681152344
Hepar2,"I(bilirubin,ggtp,joints)",,153,94,61.44,0.0070078372955322266,0.016882896423339844
Hepar2,"I(cholesterol,bilirubin,diabetes)",,122,75,61.48,0.00606989860534668,0.01114201545715332
Hepar2,"I(encephalopathy,fatigue,PBC)",,156,89,57.05,0.006115913391113281,0.012660980224609375
Hepar2,"I(injections,ChHepatitis,pain_ruq)",,33,23,69.70,0.0018489360809326172,0.002727985382080078
Hepar2,"I(Cirrhosis,transfusion,hcv_anti)",,116,57,49.14,0.003866910934448242,0.007763862609863281
Hepar2,"I(RHepatitis,fatigue,PBC)",,107,40,37.38,0.0045201778411865234,0.0063018798828125
Hepar2,"I(choledocholithotomy,hepatalgia,alcohol)",,57,23,40.35,0.0028710365295410156,0.004427909851074219
Hepar2,"I(PBC,THepatitis,carcinoma)",,41,12,29.27,0.001516103744506836,0.002788066864013672
Hepar2,"I(RHepatitis,consciousness,le_cells)",,25,3,12.00,0.0016908645629882812,0.0021431446075439453
Hepar2,"I(hospital,choledocholithotomy,hepatotoxic)",,47,1,2.13,0.002043008804321289,0.00032806396484375
Hepar2,"I(bilirubin,ESR,bleeding)",,144,94,65.28,0.005616903305053711,0.012142181396484375
Hepar2,"I(gallstones,ChHepatitis,bilirubin)",,33,27,81.82,0.0020008087158203125,0.004157066345214844
Hepar2,"I(pressure_ruq,density,upper_pain)",,142,80,56.34,0.005777835845947266,0.01050114631652832
Hepar2,"I(cholesterol,bleeding,alcoholism)",,149,91,61.07,0.007308006286621094,0.013534069061279297
Hepar2,"I(pain,ggtp,ESR)",,144,71,49.31,0.006088972091674805,0.010535001754760742
Hepar2,"I(proteins,RHepatitis,Hyperbilirubinemia)",,112,53,47.32,0.0039708614349365234,0.008242130279541016
Hepar2,"I(consciousness,density,anorexia)",,150,91,60.67,0.0065190792083740234,0.012156009674072266
Hepar2,"I(bleeding,fatigue,ggtp)",,141,92,65.25,0.006758928298950195,0.013497114181518555
Hepar2,"I(bilirubin,hbsag,alt)",,137,83,60.58,0.0051419734954833984,0.011476993560791016
Hepar2,"I(joints,ascites,hbsag)",,42,11,26.19,0.002655029296875,0.003036022186279297
Hepar2,"I(THepatitis,hospital,gallstones)",,58,5,8.62,0.0022029876708984375,0.001825094223022461
Hepar2,"I(hepatalgia,diabetes,Cirrhosis)",,80,33,41.25,0.0032379627227783203,0.0065460205078125
Hepar2,"I(bleeding,gallstones,nausea)",,121,72,59.50,0.004663944244384766,0.011098146438598633
Hepar2,"I(fat,urea,surgery)",,167,91,54.49,0.008543968200683594,0.010977029800415039
Hepar2,"I(spiders,hepatotoxic,obesity)",,111,52,46.85,0.004110097885131836,0.008001089096069336
Hepar2,"I(sex,encephalopathy,Cirrhosis)",,153,81,52.94,0.005655050277709961,0.01003408432006836
Hepar2,"I(jaundice,hbsag,phosphatase)",,138,84,60.87,0.005229949951171875,0.011545896530151367
Hepar2,"I(diabetes,spleen,ggtp)",,137,79,57.66,0.005494832992553711,0.010303020477294922
Hepar2,"I(skin,edge,fibrosis)",,144,84,58.33,0.005751132965087891,0.011861085891723633
Hepar2,"I(ChHepatitis,upper_pain,hepatomegaly)",,74,22,29.73,0.002783060073852539,0.004378080368041992
Hepar2,"I(ChHepatitis,alt,age)",,123,66,53.66,0.006021022796630859,0.010463953018188477
Hepar2,"I(pressure_ruq,hbsag_anti,surgery)",,100,46,46.00,0.004475116729736328,0.0063130855560302734
Hepar2,"I(RHepatitis,hbc_anti,edema)",,25,3,12.00,0.0012679100036621094,0.002179861068725586
Hepar2,"I(hepatotoxic,diabetes,edge)",,15,2,13.33,0.0008959770202636719,0.0013840198516845703
Hepar2,"I(transfusion,spiders,edge)",,134,66,49.25,0.004884004592895508,0.008675098419189453
Hepar2,"I(fibrosis,inr,hbsag)",,150,82,54.67,0.017524003982543945,0.011306047439575195
Hepar2,"I(Cirrhosis,jaundice,diabetes)",,154,90,58.44,0.006714820861816406,0.011578083038330078
Hepar2,"I(hbeag,phosphatase,hospital)",,118,65,55.08,0.006263017654418945,0.010371923446655273
Hepar2,"I(ama,hepatotoxic,itching)",,42,17,40.48,0.0015320777893066406,0.003885030746459961
Hepar2,"I(platelet,fat,flatulence)",,130,65,50.00,0.0047380924224853516,0.009454011917114258
Hepar2,"I(obesity,Steatosis,spiders)",,21,8,38.10,0.0011072158813476562,0.0013689994812011719
Hepar2,"I(palms,consciousness,bilirubin)",,155,97,62.58,0.005831003189086914,0.011813879013061523
Hepar2,"I(pain_ruq,joints,le_cells)",,86,28,32.56,0.003045797348022461,0.00401616096496582
Hepar2,"I(fatigue,hepatalgia,alcoholism)",,131,59,45.04,0.005440950393676758,0.008625984191894531
Hepar2,"I(sex,ChHepatitis,choledocholithotomy)",,26,1,3.85,0.001550912857055664,0.0006539821624755859
Hepar2,"I(itching,fat,bleeding)",,135,82,60.74,0.00469207763671875,0.013679981231689453
Hepar2,"I(edema,Cirrhosis,carcinoma)",,2,2,100.00,0.0012640953063964844,0.001873016357421875
Hepar2,"I(bleeding,upper_pain,ast)",,131,80,61.07,0.005269050598144531,0.011382102966308594
Hepar2,"I(le_cells,alcoholism,carcinoma)",,42,13,30.95,0.0016429424285888672,0.0024979114532470703
Hepar2,"I(hbc_anti,choledocholithotomy,Cirrhosis)",,57,26,45.61,0.0025548934936523438,0.004554033279418945
Hepar2,"I(encephalopathy,density,Steatosis)",,149,88,59.06,0.005927085876464844,0.01082301139831543
Hepar2,"I(PBC,skin,hbsag_anti)",,157,93,59.24,0.006837129592895508,0.011476993560791016
Hepar2,"I(spiders,ast,pain_ruq)",,140,79,56.43,0.006226062774658203,0.010859012603759766
Hepar2,"I(THepatitis,surgery,fibrosis)",,58,5,8.62,0.0021691322326660156,0.0021829605102539062
Hepar2,"I(palms,skin,age)",,155,91,58.71,0.00693511962890625,0.012234926223754883
Hepar2,"I(alcohol,le_cells,hospital)",,111,52,46.85,0.00448298454284668,0.007328987121582031
Hepar2,"I(obesity,proteins,urea)",,126,70,55.56,0.00478816032409668,0.008781909942626953
Hepar2,"I(hcv_anti,skin,itching)",,138,83,60.14,0.009421110153198242,0.014111995697021484
Hepar2,"I(spiders,edema,ast)",,125,70,56.00,0.005128145217895508,0.008891820907592773
Hepar2,"I(carcinoma,fibrosis,jaundice)",,86,49,56.98,0.0033349990844726562,0.008143186569213867
Hepar2,"I(transfusion,spiders,hbc_anti)",,134,68,50.75,0.007027864456176758,0.00950002670288086
Hepar2,"I(pressure_ruq,carcinoma,inr)",,136,76,55.88,0.005601167678833008,0.011271953582763672
Hepar2,"I(ChHepatitis,diabetes,ascites)",,73,31,42.47,0.002689838409423828,0.005560874938964844
Hepar2,"I(hcv_anti,hbsag_anti,pressure_ruq)",,75,37,49.33,0.0036089420318603516,0.004514932632446289
Hepar2,"I(edema,hepatomegaly,PBC)",,149,76,51.01,0.005589008331298828,0.01217198371887207
Hepar2,"I(joints,vh_amn,THepatitis)",,42,11,26.19,0.0015211105346679688,0.0019528865814208984
Hepar2,"I(PBC,bilirubin,injections)",,147,79,53.74,0.006459951400756836,0.010697126388549805
Hepar2,"I(diabetes,obesity,Cirrhosis)",,3,3,100.00,0.00022792816162109375,0.0009090900421142578
Hepar2,"I(alcoholism,Steatosis,PBC)",,22,9,40.91,0.0011360645294189453,0.0008409023284912109
Hepar2,"I(nausea,ama,flatulence)",,60,9,15.00,0.003108978271484375,0.0036640167236328125
Hepar2,"I(spiders,fat,joints)",,112,53,47.32,0.0056459903717041016,0.008594989776611328
Hepar2,"I(ggtp,nausea,anorexia)",,125,58,46.40,0.004792928695678711,0.009704113006591797
Hepar2,"I(encephalopathy,injections,pressure_ruq)",,135,77,57.04,0.004603862762451172,0.010111093521118164
Hepar2,"I(hospital,Cirrhosis,gallstones)",,99,48,48.48,0.003957033157348633,0.005357980728149414
Hepar2,"I(edge,alt,hcv_anti)",,140,79,56.43,0.0060269832611083984,0.010861873626708984
Hepar2,"I(sex,ggtp,proteins)",,146,77,52.74,0.006047964096069336,0.011755943298339844
Hepar2,"I(alt,choledocholithotomy,jaundice)",,94,50,53.19,0.003844022750854492,0.009830951690673828
Hepar2,"I(carcinoma,fatigue,hbc_anti)",,153,85,55.56,0.005707979202270508,0.012285947799682617
Hepar2,"I(ESR,pain,triglycerides)",,115,52,45.22,0.004576206207275391,0.007591962814331055
Hepar2,"I(encephalopathy,itching,hbc_anti)",,154,102,66.23,0.006518125534057617,0.013042926788330078
Hepar2,"I(anorexia,alt,ama)",,122,68,55.74,0.005980968475341797,0.010484933853149414
Hepar2,"I(hbsag,ChHepatitis,phosphatase)",,37,27,72.97,0.0021131038665771484,0.0036461353302001953
Hepar2,"I(spiders,edema,flatulence)",,125,66,52.80,0.004911899566650391,0.008249998092651367
Hepar2,"I(carcinoma,itching,sex)",,151,94,62.25,0.008580923080444336,0.014217138290405273
Hepar2,"I(fibrosis,Hyperbilirubinemia,proteins)",,74,33,44.59,0.003033161163330078,0.005798816680908203
Hepar2,"I(hbeag,ESR,RHepatitis)",,126,58,46.03,0.006737947463989258,0.010804176330566406
Hepar2,"I(nausea,edema,itching)",,150,81,54.00,0.0056858062744140625,0.014875173568725586
Hepar2,"I(alcohol,consciousness,triglycerides)",,155,90,58.06,0.00650787353515625,0.011429071426391602
Hepar2,"I(irregular_liver,PBC,alt)",,111,56,50.45,0.006203889846801758,0.009354114532470703
Hepar2,"I(Steatosis,joints,inr)",,53,22,41.51,0.0023050308227539062,0.005110979080200195
Hepar2,"I(transfusion,le_cells,ascites)",,59,27,45.76,0.0027379989624023438,0.004391908645629883
Hepar2,"I(carcinoma,density,alt)",,151,96,63.58,0.006357908248901367,0.011690139770507812
Hepar2,"I(ama,choledocholithotomy,PBC)",,42,11,26.19,0.0017609596252441406,0.002997159957885742
Hepar2,"I(Cirrhosis,surgery,nausea)",,110,53,48.18,0.003921031951904297,0.009105920791625977
Hepar2,"I(injections,pain_ruq,carcinoma)",,59,28,47.46,0.0030930042266845703,0.0053730010986328125
Hepar2,"I(hbc_anti,choledocholithotomy,upper_pain)",,57,16,28.07,0.002672910690307617,0.0029740333557128906
Hepar2,"I(ChHepatitis,nausea,encephalopathy)",,73,35,47.95,0.003117084503173828,0.006598949432373047
Hepar2,"I(anorexia,cholesterol,sex)",,158,65,41.14,0.007924079895019531,0.010193109512329102
Hepar2,"I(density,PBC,pain_ruq)",,116,64,55.17,0.0041539669036865234,0.008511066436767578
Hepar2,"I(nausea,pain,inr)",,60,24,40.00,0.002626180648803711,0.005867958068847656
Hepar2,"I(hepatomegaly,pressure_ruq,encephalopathy)",,149,81,54.36,0.007858037948608398,0.016000986099243164
Hepar2,"I(amylase,jaundice,urea)",,145,94,64.83,0.007035970687866211,0.015187978744506836
Hepar2,"I(hbsag_anti,age,ChHepatitis)",,68,27,39.71,0.003165006637573242,0.004230022430419922
Hepar2,"I(pressure_ruq,bilirubin,hbc_anti)",,133,75,56.39,0.00712895393371582,0.014415979385375977
Hepar2,"I(ama,inr,proteins)",,166,89,53.61,0.007370948791503906,0.013305902481079102
Hepar2,"I(choledocholithotomy,anorexia,urea)",,57,27,47.37,0.002532958984375,0.0047321319580078125
Hepar2,"I(skin,inr,choledocholithotomy)",,155,95,61.29,0.007344961166381836,0.017503023147583008
Hepar2,"I(hbsag_anti,fat,ESR)",,69,29,42.03,0.0031499862670898438,0.004472017288208008
Hepar2,"I(age,ChHepatitis,hbc_anti)",,26,1,3.85,0.0015621185302734375,0.001157999038696289
Hepar2,"I(age,injections,hbc_anti)",,26,1,3.85,0.001528024673461914,0.00092315673828125
Hepar2,"I(pain,age,ama)",,44,15,34.09,0.0015959739685058594,0.0022308826446533203
Hepar2,"I(hbc_anti,inr,Cirrhosis)",,132,70,53.03,0.0068798065185546875,0.011982917785644531
Hepar2,"I(bilirubin,encephalopathy,urea)",,143,88,61.54,0.005728006362915039,0.01346278190612793
Hepar2,"I(skin,transfusion,RHepatitis)",,135,75,55.56,0.006781816482543945,0.01167917251586914
Hepar2,"I(ast,hepatotoxic,surgery)",,102,52,50.98,0.004333972930908203,0.010905027389526367
Hepar2,"I(gallstones,urea,hcv_anti)",,166,92,55.42,0.00807809829711914,0.012324094772338867
Hepar2,"I(phosphatase,triglycerides,hcv_anti)",,117,64,54.70,0.0045490264892578125,0.00999903678894043
Hepar2,"I(choledocholithotomy,fibrosis,sex)",,65,29,44.62,0.002593994140625,0.0038900375366210938
Hepar2,"I(itching,ama,inr)",,137,81,59.12,0.004957914352416992,0.010982036590576172
Hepar2,"I(fat,ChHepatitis,age)",,34,24,70.59,0.002321004867553711,0.0021331310272216797
Hepar2,"I(inr,edema,alcohol)",,139,76,54.68,0.005645036697387695,0.011434078216552734
Hepar2,"I(platelet,consciousness,inr)",,152,97,63.82,0.005802154541015625,0.011710882186889648
Hepar2,"I(irregular_liver,injections,edema)",,115,56,48.70,0.004076957702636719,0.0072748661041259766
Hepar2,"I(flatulence,edge,hepatotoxic)",,137,67,48.91,0.004942893981933594,0.007934093475341797
Hepar2,"I(fibrosis,fat,irregular_liver)",,75,34,45.33,0.002841949462890625,0.0055658817291259766
Hepar2,"I(urea,pain,spiders)",,137,78,56.93,0.00528717041015625,0.010295867919921875
Hepar2,"I(alt,anorexia,hbsag)",,107,61,57.01,0.005590915679931641,0.01170492172241211
Hepar2,"I(pain,spiders,hospital)",,44,15,34.09,0.0023610591888427734,0.0026230812072753906
Hepar2,"I(cholesterol,hepatalgia,vh_amn)",,139,68,48.92,0.0055201053619384766,0.009936809539794922
Hepar2,"I(urea,fat,surgery)",,133,72,54.14,0.00484013557434082,0.009569883346557617
Hepar2,"I(inr,spleen,hcv_anti)",,142,83,58.45,0.005998849868774414,0.012194156646728516
Hepar2,"I(fibrosis,Steatosis,vh_amn)",,74,22,29.73,0.0029239654541015625,0.0037670135498046875
Hepar2,"I(Hyperbilirubinemia,ChHepatitis,jaundice)",,35,13,37.14,0.0017330646514892578,0.003866910934448242
Hepar2,"I(hepatomegaly,hcv_anti,hbsag)",,81,23,28.40,0.0036270618438720703,0.005494117736816406
Hepar2,"I(edema,albumin,hcv_anti)",,125,68,54.40,0.00492095947265625,0.008475065231323242
Hepar2,"I(upper_pain,ESR,hepatotoxic)",,136,59,43.38,0.005383968353271484,0.0075531005859375
Hepar2,"I(gallstones,joints,diabetes)",,54,6,11.11,0.0023539066314697266,0.0011200904846191406
Hepar2,"I(RHepatitis,choledocholithotomy,hbsag_anti)",,25,3,12.00,0.0009090900421142578,0.0017628669738769531
Hepar2,"I(sex,hbc_anti,hospital)",,26,1,3.85,0.0016369819641113281,0.0007159709930419922
Hepar2,"I(gallstones,carcinoma,hepatotoxic)",,160,81,50.62,0.0058438777923583984,0.009634971618652344
Hepar2,"I(Steatosis,nausea,upper_pain)",,71,20,28.17,0.002878904342651367,0.003559112548828125
Hepar2,"I(jaundice,flatulence,carcinoma)",,135,77,57.04,0.004675149917602539,0.010545015335083008
Hepar2,"I(diabetes,hepatomegaly,obesity)",,95,29,30.53,0.0038089752197265625,0.0046710968017578125
Hepar2,"I(cholesterol,bilirubin,sex)",,122,75,61.48,0.006084918975830078,0.011070013046264648
Hepar2,"I(injections,palms,amylase)",,134,66,49.25,0.004848957061767578,0.0076580047607421875
Hepar2,"I(fibrosis,itching,PBC)",,157,94,59.87,0.006445884704589844,0.011757135391235352
Hepar2,"I(hospital,phosphatase,fatigue)",,126,70,55.56,0.0058100223541259766,0.010406970977783203
Hepar2,"I(spiders,amylase,alcohol)",,112,53,47.32,0.003999948501586914,0.007375001907348633
Hepar2,"I(ama,spleen,ggtp)",,42,14,33.33,0.0026121139526367188,0.0038700103759765625
Hepar2,"I(age,anorexia,bleeding)",,26,9,34.62,0.0014760494232177734,0.003242015838623047
Hepar2,"I(bilirubin,hepatalgia,hbsag_anti)",,154,99,64.29,0.0058438777923583984,0.013664007186889648
Hepar2,"I(jaundice,cholesterol,hospital)",,144,87,60.42,0.005635976791381836,0.011345863342285156
Hepar2,"I(RHepatitis,jaundice,PBC)",,25,3,12.00,0.0024089813232421875,0.002689838409423828
Hepar2,"I(le_cells,fatigue,hcv_anti)",,42,11,26.19,0.0022819042205810547,0.0032100677490234375
Hepar2,"I(hospital,edge,triglycerides)",,136,68,50.00,0.004783153533935547,0.007700920104980469
Hepar2,"I(PBC,obesity,Hyperbilirubinemia)",,41,11,26.83,0.001463174819946289,0.002198934555053711
Hepar2,"I(ChHepatitis,age,hepatalgia)",,73,21,28.77,0.0027298927307128906,0.00427699089050293
Hepar2,"I(Cirrhosis,irregular_liver,palms)",,124,65,52.42,0.005034208297729492,0.009147882461547852
Hepar2,"I(proteins,amylase,anorexia)",,113,56,49.56,0.003958940505981445,0.007841110229492188
Hepar2,"I(transfusion,palms,pressure_ruq)",,134,68,50.75,0.004820823669433594,0.008237838745117188
Hepar2,"I(pain_ruq,density,phosphatase)",,153,95,62.09,0.006244182586669922,0.011904001235961914
Hepar2,"I(hepatotoxic,ama,spiders)",,15,2,13.33,0.0010161399841308594,0.0015490055084228516
Hepar2,"I(density,gallstones,age)",,125,64,51.20,0.004202127456665039,0.00922393798828125
Hepar2,"I(jaundice,density,ESR)",,153,101,66.01,0.005959987640380859,0.012178182601928711
Hepar2,"I(jaundice,irregular_liver,ast)",,144,88,61.11,0.005739927291870117,0.01159811019897461
Hepar2,"I(palms,nausea,injections)",,129,63,48.84,0.00448298454284668,0.009532928466796875
Hepar2,"I(nausea,bleeding,injections)",,155,90,58.06,0.0072591304779052734,0.0133819580078125
Hepar2,"I(hbsag,surgery,bilirubin)",,67,39,58.21,0.0027048587799072266,0.006279945373535156
Hepar2,"I(vh_amn,inr,amylase)",,139,71,51.08,0.006863117218017578,0.012757062911987305
Hepar2,"I(hcv_anti,RHepatitis,age)",,66,24,36.36,0.002925872802734375,0.0035948753356933594
Hepar2,"I(hcv_anti,fatigue,cholesterol)",,101,44,43.56,0.00464320182800293,0.007530927658081055
Hepar2,"I(irregular_liver,surgery,hepatomegaly)",,111,56,50.45,0.0038290023803710938,0.007957935333251953
Hepar2,"I(alcohol,sex,density)",,111,57,51.35,0.0039179325103759766,0.008457183837890625
Win95pts,"I(PrtIcon,AppDtGnTm,PrtPort)",,16,4,25.00,0.0012311935424804688,0.0011179447174072266
Win95pts,"I(PrtMem,AppData,DS_LCLOK)",,21,2,9.52,0.0013821125030517578,0.0014009475708007812
Win95pts,"I(PrtStatPaper,NnPSGrphc,EPSGrphc)",,5,3,60.00,0.0005371570587158203,0.0006339550018310547
Win95pts,"I(PrtSpool,DrvOK,GrbldPS)",,14,4,28.57,0.0007839202880859375,0.0013630390167236328
Win95pts,"I(FllCrrptdBffr,PrtTimeOut,Problem2)",,3,1,33.33,0.0002460479736328125,0.0008440017700195312
Win95pts,"I(PgOrnttnOK,PrtMem,NtwrkCnfg)",,4,1,25.00,0.0002579689025878906,0.00023603439331054688
Win95pts,"I(HrglssDrtnAftrPrnt,GrphcsRltdDrvrSttngs,PrtPScript)",,18,7,38.89,0.0008530616760253906,0.0008149147033691406
Win95pts,"I(PrtPScript,NetPrint,PrtStatMem)",,11,2,18.18,0.0005590915679931641,0.0007638931274414062
Win95pts,"I(DskLocal,PrtDriver,IncmpltPS)",,9,1,11.11,0.00047087669372558594,0.0005061626434326172
Win95pts,"I(NtwrkCnfg,PSGRAPHIC,PrtIcon)",,14,2,14.29,0.0009660720825195312,0.0007028579711914062
Win95pts,"I(PSERRMEM,Problem6,PTROFFLINE)",,82,44,53.66,0.004960060119628906,0.005323886871337891
Win95pts,"I(PrntPrcssTm,TnrSpply,DS_LCLOK)",,16,5,31.25,0.0007500648498535156,0.0009970664978027344
Win95pts,"I(PrtMpTPth,PrtSel,HrglssDrtnAftrPrnt)",,5,1,20.00,0.00029397010803222656,0.0003161430358886719
Win95pts,"I(NtSpd,PrtCbl,PSERRMEM)",,46,17,36.96,0.00213623046875,0.002302885055541992
Win95pts,"I(Problem3,PgOrnttnOK,FntInstlltn)",,40,17,42.50,0.0020818710327148438,0.002213001251220703
Win95pts,"I(PrtCbl,PrtMpTPth,PrtIcon)",,6,1,16.67,0.00034999847412109375,0.00037479400634765625
Win95pts,"I(NtSpd,FllCrrptdBffr,LclGrbld)",,46,18,39.13,0.002180814743041992,0.0024671554565429688
Win95pts,"I(AppOK,DataFile,PrtPaper)",,18,1,5.56,0.0007920265197753906,0.0002338886260986328
Win95pts,"I(PrtStatToner,PrtFile,Problem6)",,5,3,60.00,0.0010609626770019531,0.0016679763793945312
Win95pts,"I(PrtSpool,AppData,DrvSet)",,14,4,28.57,0.0007429122924804688,0.0007169246673583984
Win95pts,"I(EPSGrphc,PrntngArOK,PrtThread)",,4,1,25.00,0.00025582313537597656,0.0002701282501220703
Win95pts,"I(FllCrrptdBffr,DS_LCLOK,GDIIN)",,3,1,33.33,0.0006151199340820312,0.0009288787841796875
Win95pts,"I(FllCrrptdBffr,PrtTimeOut,DeskPrntSpd)",,3,1,33.33,0.00021314620971679688,0.00040602684020996094
Win95pts,"I(AvlblVrtlMmry,PrtPath,TrTypFnts)",,14,3,21.43,0.0005540847778320312,0.0008289813995361328
Win95pts,"I(PrtPort,LclGrbld,ScrnFntNtPrntrFnt)",,6,1,16.67,0.0006160736083984375,0.0005288124084472656
Win95pts,"I(PrtStatToner,EMFOK,Problem2)",,5,3,60.00,0.00067901611328125,0.0010039806365966797
Win95pts,"I(PrtSpool,REPEAT,NtGrbld)",,14,4,28.57,0.0007431507110595703,0.0009758472442626953
Win95pts,"I(Problem1,DS_NTOK,TrTypFnts)",,97,72,74.23,0.004878997802734375,0.008345842361450195
Win95pts,"I(IncmpltPS,Problem1,Problem6)",,139,119,85.61,0.007762908935546875,0.00991511344909668
Win95pts,"I(DataFile,Problem1,FllCrrptdBffr)",,127,99,77.95,0.007890939712524414,0.008783102035522461
Win95pts,"I(TTOK,DrvOK,Problem1)",,25,8,32.00,0.0017170906066894531,0.004640102386474609
Win95pts,"I(DSApplctn,TnrSpply,PrtCbl)",,4,1,25.00,0.00028586387634277344,0.00028395652770996094
Win95pts,"I(Problem1,PrtOn,PrtSpool)",,91,66,72.53,0.004960060119628906,0.0075550079345703125
Win95pts,"I(GDIOUT,PrtSpool,PrtDataOut)",,40,23,57.50,0.0015850067138671875,0.002401113510131836
Win95pts,"I(EMFOK,DataFile,AppData)",,29,9,31.03,0.0012619495391845703,0.0012650489807128906
Win95pts,"I(CmpltPgPrntd,EPSGrphc,Problem4)",,26,9,34.62,0.0011799335479736328,0.0015549659729003906
Win95pts,"I(LclOK,EPSGrphc,PC2PRT)",,15,8,53.33,0.0009081363677978516,0.0023620128631591797
Win95pts,"I(Problem3,PrtDriver,PrtStatPaper)",,40,17,42.50,0.0017769336700439453,0.002214193344116211
Win95pts,"I(PrtStatOff,NnTTOK,PrtCbl)",,5,3,60.00,0.000431060791015625,0.0005190372467041016
Win95pts,"I(GDIOUT,NnTTOK,DrvOK)",,46,23,50.00,0.0021491050720214844,0.002663850784301758
Win95pts,"I(NetPrint,AppOK,NtGrbld)",,8,1,12.50,0.00041794776916503906,0.0009520053863525391
Win95pts,"I(NetPrint,TnrSpply,PrtMpTPth)",,8,1,12.50,0.0004150867462158203,0.00030803680419921875
Win95pts,"I(PrtMem,GrphcsRltdDrvrSttngs,PrtPath)",,21,2,9.52,0.0009508132934570312,0.0006392002105712891
Win95pts,"I(Problem1,Problem5,IncmpltPS)",,106,86,81.13,0.005396127700805664,0.009282827377319336
Win95pts,"I(PSGRAPHIC,DrvOK,PrntngArOK)",,25,6,24.00,0.0011839866638183594,0.0012860298156738281
Win95pts,"I(PrtSel,CblPrtHrdwrOK,ScrnFntNtPrntrFnt)",,6,1,16.67,0.00033402442932128906,0.00023412704467773438
Win95pts,"I(DrvSet,NnTTOK,PrtPath)",,7,1,14.29,0.0004999637603759766,0.0003790855407714844
Win95pts,"I(FntInstlltn,DSApplctn,PrtTimeOut)",,4,1,25.00,0.0002532005310058594,0.00026798248291015625
Win95pts,"I(PrtPaper,NetOK,NnTTOK)",,4,2,50.00,0.00037598609924316406,0.0005970001220703125
Win95pts,"I(PrtStatOff,GrphcsRltdDrvrSttngs,DrvOK)",,5,3,60.00,0.00032401084899902344,0.0003921985626220703
Win95pts,"I(ScrnFntNtPrntrFnt,PrtStatToner,NtSpd)",,3,1,33.33,0.0003960132598876953,0.0005769729614257812
Win95pts,"I(DS_LCLOK,PrtPScript,NtwrkCnfg)",,33,10,30.30,0.001352071762084961,0.0016598701477050781
Win95pts,"I(NnPSGrphc,DrvSet,PrtStatToner)",,25,6,24.00,0.0013279914855957031,0.0011990070343017578
Win95pts,"I(NnPSGrphc,PrtTimeOut,PrtStatPaper)",,25,6,24.00,0.0012860298156738281,0.001233816146850586
Win95pts,"I(PSGRAPHIC,AvlblVrtlMmry,GDIIN)",,25,6,24.00,0.0014500617980957031,0.0016698837280273438
Win95pts,"I(GrbldOtpt,HrglssDrtnAftrPrnt,TrTypFnts)",,56,19,33.93,0.0024149417877197266,0.0032339096069335938
Win95pts,"I(TTOK,DskLocal,AppData)",,25,6,24.00,0.0011789798736572266,0.0013399124145507812
Win95pts,"I(EMFOK,GrphcsRltdDrvrSttngs,PrtOn)",,29,9,31.03,0.0012111663818359375,0.0013289451599121094
Win95pts,"I(FntInstlltn,EPSGrphc,NetOK)",,4,1,25.00,0.0002658367156982422,0.00039696693420410156
Win95pts,"I(GDIOUT,Problem1,PrtThread)",,125,99,79.20,0.0072879791259765625,0.008877038955688477
Win95pts,"I(PrtTimeOut,NetPrint,PrtStatOff)",,3,1,33.33,0.00021195411682128906,0.0002799034118652344
Win95pts,"I(AppOK,PSERRMEM,HrglssDrtnAftrPrnt)",,18,1,5.56,0.0009121894836425781,0.00043892860412597656
Win95pts,"I(EMFOK,AppOK,AppDtGnTm)",,29,9,31.03,0.0011091232299804688,0.0014579296112060547
Win95pts,"I(PrtMem,AppData,Problem5)",,21,5,23.81,0.0010349750518798828,0.0010840892791748047
Win95pts,"I(PrtTimeOut,DeskPrntSpd,GrphcsRltdDrvrSttngs)",,3,1,33.33,0.0003979206085205078,0.0004050731658935547
Win95pts,"I(DS_LCLOK,NnPSGrphc,DS_NTOK)",,33,12,36.36,0.0016231536865234375,0.00202178955078125
Win95pts,"I(PrtStatPaper,PrtPScript,PrtPort)",,5,3,60.00,0.00032401084899902344,0.000392913818359375
Win95pts,"I(NetOK,PgOrnttnOK,Problem6)",,18,9,50.00,0.0010199546813964844,0.0017681121826171875
Win95pts,"I(TnrSpply,PrtStatToner,REPEAT)",,5,3,60.00,0.0002989768981933594,0.0004048347473144531
Win95pts,"I(LclGrbld,PrtOn,Problem5)",,47,14,29.79,0.0020151138305664062,0.002496957778930664
Win95pts,"I(DrvSet,LclOK,PrtFile)",,7,4,57.14,0.0005049705505371094,0.001230001449584961
Win95pts,"I(TTOK,LclGrbld,TstpsTxt)",,54,18,33.33,0.002363920211791992,0.002686023712158203
Win95pts,"I(GrbldOtpt,TTOK,NtSpd)",,61,26,42.62,0.002568960189819336,0.0036301612854003906
Win95pts,"I(PTROFFLINE,PrtStatMem,PrtThread)",,7,1,14.29,0.0004138946533203125,0.00034880638122558594
Win95pts,"I(TnrSpply,DS_LCLOK,PTROFFLINE)",,4,2,50.00,0.0005080699920654297,0.0006029605865478516
Win95pts,"I(PrtPaper,Problem1,PgOrnttnOK)",,122,97,79.51,0.007196187973022461,0.008211851119995117
Win95pts,"I(PrtQueue,PrtSpool,NetOK)",,3,1,33.33,0.0002129077911376953,0.0003609657287597656
Win95pts,"I(TnrSpply,PrtCbl,NnTTOK)",,4,2,50.00,0.00025010108947753906,0.0004699230194091797
Win95pts,"I(EMFOK,PrtPaper,Problem1)",,29,22,75.86,0.0011878013610839844,0.0038192272186279297
Win95pts,"I(Problem5,Problem2,DrvOK)",,66,40,60.61,0.0034630298614501953,0.004290103912353516
Win95pts,"I(NnTTOK,PrntrAccptsTrtyp,AppOK)",,25,6,24.00,0.0014150142669677734,0.001363992691040039
Win95pts,"I(NetOK,Problem5,DeskPrntSpd)",,18,5,27.78,0.0016269683837890625,0.0017859935760498047
Win95pts,"I(NetOK,DskLocal,TTOK)",,18,5,27.78,0.0010571479797363281,0.0011048316955566406
Win95pts,"I(AppData,PrtCbl,CblPrtHrdwrOK)",,26,4,15.38,0.0011088848114013672,0.0009191036224365234
Win95pts,"I(LclOK,NnPSGrphc,PC2PRT)",,15,8,53.33,0.0009989738464355469,0.0027930736541748047
Win95pts,"I(NnPSGrphc,PrtPort,PrtQueue)",,25,6,24.00,0.001271963119506836,0.0011570453643798828
Win95pts,"I(PrtTimeOut,GrbldOtpt,LclOK)",,3,1,33.33,0.0006580352783203125,0.0009729862213134766
Win95pts,"I(AvlblVrtlMmry,REPEAT,PSERRMEM)",,14,5,35.71,0.0006418228149414062,0.0010161399841308594
Win95pts,"I(FllCrrptdBffr,PrtSel,DS_LCLOK)",,3,1,33.33,0.00020694732666015625,0.0005221366882324219
Win95pts,"I(PrtIcon,NetPrint,ScrnFntNtPrntrFnt)",,16,4,25.00,0.0008101463317871094,0.0007338523864746094
Win95pts,"I(PrtOn,TrTypFnts,PrntrAccptsTrtyp)",,4,2,50.00,0.0003979206085205078,0.0003421306610107422
Win95pts,"I(Problem1,DataFile,PrtPaper)",,92,67,72.83,0.004395961761474609,0.00757908821105957
Win95pts,"I(PC2PRT,IncmpltPS,PrtData)",,70,54,77.14,0.0036950111389160156,0.007585048675537109
Win95pts,"I(DrvSet,NnPSGrphc,DrvOK)",,7,1,14.29,0.0005071163177490234,0.0003609657287597656
Win95pts,"I(GrphcsRltdDrvrSttngs,Problem2,PSGRAPHIC)",,4,2,50.00,0.000637054443359375,0.0008249282836914062
Win95pts,"I(PrtPaper,GrphcsRltdDrvrSttngs,TTOK)",,4,2,50.00,0.0003941059112548828,0.00047087669372558594
Win95pts,"I(NtSpd,TstpsTxt,Problem1)",,46,28,60.87,0.002123117446899414,0.00465083122253418
Win95pts,"I(NtwrkCnfg,PrtFile,Problem4)",,14,1,7.14,0.0013930797576904297,0.0014469623565673828
Win95pts,"I(NtGrbld,TrTypFnts,PrtStatMem)",,48,11,22.92,0.00197601318359375,0.0022470951080322266
Win95pts,"I(PrtDriver,PTROFFLINE,NetOK)",,12,1,8.33,0.0005841255187988281,0.00043392181396484375
Win95pts,"I(Problem4,GrbldPS,DrvSet)",,84,45,53.57,0.003863096237182617,0.004590034484863281
Win95pts,"I(NetOK,ScrnFntNtPrntrFnt,NtwrkCnfg)",,18,5,27.78,0.0008900165557861328,0.0010509490966796875
Win95pts,"I(CblPrtHrdwrOK,TTOK,GDIIN)",,11,1,9.09,0.0006968975067138672,0.0010421276092529297
Win95pts,"I(PrntngArOK,GDIIN,NetOK)",,4,1,25.00,0.0006780624389648438,0.000782012939453125
Win95pts,"I(NtGrbld,NtwrkCnfg,PrtData)",,45,27,60.00,0.0017361640930175781,0.004225015640258789
Win95pts,"I(Problem4,PrtStatPaper,DrvSet)",,34,13,38.24,0.0015869140625,0.0019211769104003906
Win95pts,"I(PrtSpool,NetOK,TnrSpply)",,14,4,28.57,0.0007967948913574219,0.0009090900421142578
Win95pts,"I(PrntPrcssTm,PrtSpool,NetOK)",,5,2,40.00,0.0002579689025878906,0.0004100799560546875
Win95pts,"I(Problem2,NetOK,DrvOK)",,56,27,48.21,0.0024328231811523438,0.003086090087890625
Win95pts,"I(DrvOK,NtwrkCnfg,PrtQueue)",,7,1,14.29,0.0003781318664550781,0.0002319812774658203
Win95pts,"I(AvlblVrtlMmry,DskLocal,Problem3)",,14,6,42.86,0.0005509853363037109,0.0011110305786132812
Win95pts,"I(CblPrtHrdwrOK,PrtPScript,PrtPort)",,11,1,9.09,0.0005381107330322266,0.0003418922424316406
Win95pts,"I(GrphcsRltdDrvrSttngs,PgOrnttnOK,PrtOn)",,4,1,25.00,0.00039696693420410156,0.00026607513427734375
Win95pts,"I(PgOrnttnOK,PrtThread,PrtPaper)",,4,1,25.00,0.00025200843811035156,0.00022912025451660156
Win95pts,"I(PrtTimeOut,DS_LCLOK,EPSGrphc)",,3,1,33.33,0.00046896934509277344,0.0004980564117431641
Win95pts,"I(PrtPScript,PC2PRT,DeskPrntSpd)",,11,2,18.18,0.0022170543670654297,0.002437114715576172
Win95pts,"I(Problem2,DskLocal,HrglssDrtnAftrPrnt)",,50,22,44.00,0.0023670196533203125,0.0024139881134033203
Win95pts,"I(Problem5,Problem4,DSApplctn)",,47,29,61.70,0.0025091171264648438,0.0027818679809570312
Win95pts,"I(PrtSpool,TnrSpply,AppData)",,14,4,28.57,0.0007970333099365234,0.0007159709930419922
Win95pts,"I(TTOK,GDIOUT,PrntPrcssTm)",,25,6,24.00,0.0016450881958007812,0.0016260147094726562
Win95pts,"I(Problem2,EPSGrphc,Problem4)",,50,25,50.00,0.0023038387298583984,0.002892017364501953
Win95pts,"I(PrtFile,AppData,PrtDriver)",,38,26,68.42,0.0018839836120605469,0.0025789737701416016
Win95pts,"I(PrtPaper,PTROFFLINE,DSApplctn)",,4,2,50.00,0.0002491474151611328,0.0005137920379638672
Win95pts,"I(Problem1,PrntPrcssTm,PrtMpTPth)",,93,68,73.12,0.0044438838958740234,0.007509946823120117
Win95pts,"I(PrntPrcssTm,DataFile,PrtStatMem)",,16,5,31.25,0.0007541179656982422,0.0007569789886474609
Win95pts,"I(DeskPrntSpd,DskLocal,CmpltPgPrntd)",,38,13,34.21,0.0017261505126953125,0.0017058849334716797
Win95pts,"I(PrtStatToner,LclOK,LclGrbld)",,5,3,60.00,0.00044608116149902344,0.0007739067077636719
Win95pts,"I(LclOK,DS_NTOK,NnPSGrphc)",,15,5,33.33,0.001383066177368164,0.0012919902801513672
Win95pts,"I(PrtThread,Problem2,PrntPrcssTm)",,9,1,11.11,0.0008389949798583984,0.0006580352783203125
Win95pts,"I(TrTypFnts,FntInstlltn,LclOK)",,2,1,50.00,0.00017189979553222656,0.0003609657287597656
Win95pts,"I(LclOK,REPEAT,LclGrbld)",,26,10,38.46,0.010771036148071289,0.0014798641204833984
Win95pts,"I(PrtPath,PrtTimeOut,PrntrAccptsTrtyp)",,6,1,16.67,0.00033593177795410156,0.00026702880859375
Win95pts,"I(GrphcsRltdDrvrSttngs,AppDtGnTm,LclOK)",,4,1,25.00,0.0002968311309814453,0.00043702125549316406
Win95pts,"I(PrtStatOff,PrtIcon,IncmpltPS)",,5,3,60.00,0.00041794776916503906,0.0008640289306640625
Win95pts,"I(NetPrint,TTOK,PrtSpool)",,8,1,12.50,0.0005409717559814453,0.00043582916259765625
Win95pts,"I(CblPrtHrdwrOK,PrtDriver,Problem3)",,11,1,9.09,0.0005400180816650391,0.0008099079132080078
Win95pts,"I(NtGrbld,DskLocal,PrtDataOut)",,48,18,37.50,0.0021338462829589844,0.0029921531677246094
Win95pts,"I(IncmpltPS,DS_NTOK,Problem1)",,36,14,38.89,0.002106904983520508,0.0045659542083740234
Win95pts,"I(TnrSpply,FntInstlltn,HrglssDrtnAftrPrnt)",,4,2,50.00,0.00025200843811035156,0.0004260540008544922
Win95pts,"I(PrtDriver,PrntPrcssTm,PrtStatMem)",,12,1,8.33,0.0006210803985595703,0.00038909912109375
Win95pts,"I(DrvSet,DSApplctn,PSERRMEM)",,7,1,14.29,0.0005090236663818359,0.00035309791564941406
Win95pts,"I(HrglssDrtnAftrPrnt,FntInstlltn,DrvSet)",,18,7,38.89,0.0008251667022705078,0.0007650852203369141
Win95pts,"I(AppOK,TTOK,GDIOUT)",,18,5,27.78,0.0009160041809082031,0.0011739730834960938
Win95pts,"I(DataFile,PSGRAPHIC,DskLocal)",,18,1,5.56,0.0010640621185302734,0.0003941059112548828
Win95pts,"I(TTOK,PrtStatToner,PrtDataOut)",,25,6,24.00,0.0012748241424560547,0.0017151832580566406
Win95pts,"I(DskLocal,DS_NTOK,TrTypFnts)",,9,1,11.11,0.0008921623229980469,0.0005359649658203125
Win95pts,"I(PrtDataOut,PrtDriver,Problem6)",,48,36,75.00,0.0019779205322265625,0.0037310123443603516
Win95pts,"I(AvlblVrtlMmry,NetPrint,Problem2)",,14,3,21.43,0.0005500316619873047,0.0012280941009521484
Win95pts,"I(DSApplctn,AvlblVrtlMmry,AppData)",,4,1,25.00,0.00029277801513671875,0.0003590583801269531
Win95pts,"I(PrtMpTPth,FntInstlltn,PrtPaper)",,5,1,20.00,0.0004241466522216797,0.0002300739288330078
Win95pts,"I(TTOK,PTROFFLINE,EPSGrphc)",,25,6,24.00,0.0012538433074951172,0.0013370513916015625
Win95pts,"I(IncmpltPS,DskLocal,TstpsTxt)",,36,14,38.89,0.001967191696166992,0.0031528472900390625
Win95pts,"I(PrtQueue,PrtSel,PrtData)",,3,1,33.33,0.00030303001403808594,0.003351926803588867
Win95pts,"I(Problem4,GDIIN,EPSGrphc)",,34,13,38.24,0.002527952194213867,0.0029740333557128906
Win95pts,"I(PC2PRT,PrtSpool,DrvSet)",,64,48,75.00,0.0030651092529296875,0.005348920822143555
Win95pts,"I(PrtStatOff,ScrnFntNtPrntrFnt,PrtSpool)",,5,3,60.00,0.0003249645233154297,0.00039196014404296875
Win95pts,"I(Problem4,GDIIN,PrtFile)",,34,13,38.24,0.0019719600677490234,0.003242969512939453
Win95pts,"I(PrntPrcssTm,HrglssDrtnAftrPrnt,DrvOK)",,21,9,42.86,0.0009591579437255859,0.0008549690246582031
Win95pts,"I(PrtPScript,NtGrbld,PrtIcon)",,11,2,18.18,0.0007250308990478516,0.0011420249938964844
Win95pts,"I(PrtStatPaper,NetOK,Problem3)",,5,3,60.00,0.00045013427734375,0.000988006591796875
Win95pts,"I(TTOK,PrtIcon,LclGrbld)",,25,7,28.00,0.001291036605834961,0.0016598701477050781
Win95pts,"I(NetPrint,LclGrbld,EMFOK)",,8,1,12.50,0.0009520053863525391,0.00084686279296875
Win95pts,"I(PrtDriver,PrtPath,GrphcsRltdDrvrSttngs)",,12,1,8.33,0.0005850791931152344,0.000308990478515625
Win95pts,"I(PrtPScript,EPSGrphc,FntInstlltn)",,11,2,18.18,0.00047206878662109375,0.0006339550018310547
Win95pts,"I(GrbldOtpt,DrvOK,PrtMem)",,56,19,33.93,0.0024290084838867188,0.0028390884399414062
Win95pts,"I(NtGrbld,PrtQueue,DataFile)",,48,11,22.92,0.0020830631256103516,0.002176046371459961
Win95pts,"I(PrtDriver,PrtPort,PSGRAPHIC)",,12,1,8.33,0.0005810260772705078,0.0004360675811767578
Win95pts,"I(DataFile,LclOK,PrtOn)",,18,1,5.56,0.0010540485382080078,0.0003590583801269531
Win95pts,"I(PSERRMEM,GrbldOtpt,PrntngArOK)",,14,6,42.86,0.0010519027709960938,0.0013630390167236328
Win95pts,"I(GDIOUT,Problem3,ScrnFntNtPrntrFnt)",,46,23,50.00,0.0025069713592529297,0.0030450820922851562
Win95pts,"I(TTOK,NetOK,PrtMem)",,25,6,24.00,0.00144195556640625,0.0012409687042236328
Win95pts,"I(TrTypFnts,PrtTimeOut,PrtDriver)",,2,1,50.00,0.0001690387725830078,0.0002307891845703125
Win95pts,"I(PrtPaper,PrtSel,GrbldOtpt)",,4,2,50.00,0.00025200843811035156,0.0008020401000976562
Win95pts,"I(DSApplctn,CblPrtHrdwrOK,TnrSpply)",,4,1,25.00,0.00025200843811035156,0.00023603439331054688
Win95pts,"I(Problem1,LclGrbld,TstpsTxt)",,95,73,76.84,0.005079030990600586,0.008419990539550781
Win95pts,"I(LclOK,PSERRMEM,PrtSpool)",,15,5,33.33,0.0016520023345947266,0.002393960952758789
Win95pts,"I(DrvSet,PrtFile,AppData)",,61,41,67.21,0.004111051559448242,0.00531005859375
Win95pts,"I(PrtPaper,GrbldPS,PrntrAccptsTrtyp)",,4,2,50.00,0.001505136489868164,0.0017328262329101562
Win95pts,"I(Problem4,PrtIcon,NetOK)",,34,13,38.24,0.0021338462829589844,0.003170013427734375
Win95pts,"I(PrtStatMem,EMFOK,PrtCbl)",,22,3,13.64,0.0015840530395507812,0.00096893310546875
Win95pts,"I(TTOK,AppOK,DrvSet)",,25,6,24.00,0.0012340545654296875,0.0011839866638183594
Win95pts,"I(LclOK,GDIIN,TrTypFnts)",,15,5,33.33,0.0012819766998291016,0.0016400814056396484
Win95pts,"I(NtGrbld,DrvOK,FllCrrptdBffr)",,48,11,22.92,0.0022270679473876953,0.0025429725646972656
Win95pts,"I(PSERRMEM,NtwrkCnfg,PrtPScript)",,14,6,42.86,0.0006530284881591797,0.0009851455688476562
Win95pts,"I(AvlblVrtlMmry,EMFOK,CmpltPgPrntd)",,14,3,21.43,0.00080108642578125,0.001275777816772461
Win95pts,"I(PSERRMEM,PrtPort,PrtStatOff)",,14,6,42.86,0.0008230209350585938,0.0010449886322021484
Win95pts,"I(PrtTimeOut,HrglssDrtnAftrPrnt,LclGrbld)",,3,1,33.33,0.0002999305725097656,0.0006160736083984375
Win95pts,"I(GDIOUT,PrtThread,PrtMpTPth)",,46,23,50.00,0.0019459724426269531,0.0028150081634521484
Win95pts,"I(PrntngArOK,PrtDataOut,DataFile)",,4,1,25.00,0.0008490085601806641,0.0008499622344970703
Win95pts,"I(NtSpd,PrtCbl,Problem2)",,46,19,41.30,0.002608776092529297,0.003155946731567383
Win95pts,"I(PrtDataOut,GrbldPS,LclGrbld)",,99,63,63.64,0.005465030670166016,0.007050991058349609
Win95pts,"I(PrntPrcssTm,DrvSet,Problem3)",,16,5,31.25,0.0007789134979248047,0.001447916030883789
Win95pts,"I(PSERRMEM,PrtQueue,PrtMpTPth)",,14,6,42.86,0.0006630420684814453,0.0010027885437011719
Win95pts,"I(PrtData,PrtStatToner,DataFile)",,92,67,72.83,0.005180835723876953,0.009809017181396484
Win95pts,"I(TnrSpply,DrvOK,PrtSel)",,4,2,50.00,0.0002617835998535156,0.00036597251892089844
Win95pts,"I(PrtMem,NetOK,AvlblVrtlMmry)",,21,2,9.52,0.0011391639709472656,0.000865936279296875
Win95pts,"I(PrtStatMem,FntInstlltn,DeskPrntSpd)",,22,4,18.18,0.0010828971862792969,0.0011229515075683594
Win95pts,"I(NnTTOK,PrtPort,PrtData)",,25,8,32.00,0.0012450218200683594,0.0035200119018554688
Win95pts,"I(PrtSel,CblPrtHrdwrOK,HrglssDrtnAftrPrnt)",,6,1,16.67,0.00034499168395996094,0.00033402442932128906
Win95pts,"I(Problem4,TTOK,PrtFile)",,39,18,46.15,0.0019330978393554688,0.0033409595489501953
Win95pts,"I(HrglssDrtnAftrPrnt,PrtStatPaper,AppOK)",,18,7,38.89,0.0009238719940185547,0.000904083251953125
Win95pts,"I(LclOK,Problem4,PrtStatPaper)",,15,5,33.33,0.0014221668243408203,0.0014379024505615234
Win95pts,"I(PrtFile,PSGRAPHIC,GrphcsRltdDrvrSttngs)",,51,30,58.82,0.0026400089263916016,0.0037980079650878906
Win95pts,"I(Problem6,NtSpd,PC2PRT)",,90,67,74.44,0.004528045654296875,0.008477210998535156
Win95pts,"I(FllCrrptdBffr,AvlblVrtlMmry,CmpltPgPrntd)",,3,1,33.33,0.0002751350402832031,0.0004658699035644531
Win95pts,"I(NnTTOK,DSApplctn,Problem3)",,25,9,36.00,0.001397848129272461,0.0018498897552490234
Win95pts,"I(DSApplctn,AppDtGnTm,Problem5)",,4,1,25.00,0.00030612945556640625,0.0008120536804199219
Win95pts,"I(AppOK,DrvOK,GrbldPS)",,18,6,33.33,0.0008580684661865234,0.0013320446014404297
Win95pts,"I(Problem5,PrtCbl,PrtStatPaper)",,29,13,44.83,0.0016160011291503906,0.002438068389892578
Win95pts,"I(EMFOK,GDIIN,PrtIcon)",,38,21,55.26,0.002900838851928711,0.0027599334716796875
Win95pts,"I(PrtPScript,DSApplctn,NetPrint)",,11,2,18.18,0.0004839897155761719,0.0006699562072753906
Win95pts,"I(ScrnFntNtPrntrFnt,PrntrAccptsTrtyp,GDIOUT)",,3,1,33.33,0.0002110004425048828,0.0007529258728027344
Win95pts,"I(PrtSpool,PrtPath,DSApplctn)",,14,4,28.57,0.0006968975067138672,0.0006740093231201172
Win95pts,"I(GrbldPS,PrtMpTPth,FntInstlltn)",,67,25,37.31,0.002989053726196289,0.004051923751831055
Win95pts,"I(PTROFFLINE,DrvSet,LclGrbld)",,7,1,14.29,0.0003859996795654297,0.0006029605865478516
Win95pts,"I(PTROFFLINE,CblPrtHrdwrOK,PrtPath)",,7,1,14.29,0.00039005279541015625,0.0003228187561035156
Win95pts,"I(EMFOK,PrntPrcssTm,Problem6)",,29,16,55.17,0.0012929439544677734,0.0025119781494140625
Win95pts,"I(Problem6,PrtSel,PrtPaper)",,70,30,42.86,0.0029430389404296875,0.00478816032409668
Win95pts,"I(PrtData,PrtSel,PrntPrcssTm)",,91,66,72.53,0.004724025726318359,0.007831096649169922
Win95pts,"I(PrtSpool,IncmpltPS,AppDtGnTm)",,14,4,28.57,0.0009639263153076172,0.0009210109710693359
Win95pts,"I(PrtDataOut,DrvSet,TrTypFnts)",,50,29,58.00,0.002231121063232422,0.0031189918518066406
Win95pts,"I(LclOK,Problem5,AppDtGnTm)",,15,5,33.33,0.0015249252319335938,0.0012860298156738281
Win95pts,"I(PrtStatMem,NnTTOK,AvlblVrtlMmry)",,27,8,29.63,0.0013821125030517578,0.0011379718780517578
Win95pts,"I(PrntPrcssTm,NtwrkCnfg,DeskPrntSpd)",,16,7,43.75,0.0009579658508300781,0.0008859634399414062
Win95pts,"I(DataFile,GrbldOtpt,AvlblVrtlMmry)",,59,27,45.76,0.002856016159057617,0.003152132034301758
Win95pts,"I(NtGrbld,PrtPaper,PrtStatOff)",,48,11,22.92,0.002050161361694336,0.002496957778930664
Win95pts,"I(PrtCbl,NnTTOK,PC2PRT)",,6,4,66.67,0.0004868507385253906,0.002413034439086914
Win95pts,"I(PrntrAccptsTrtyp,Problem5,DS_NTOK)",,34,18,52.94,0.0018820762634277344,0.0019731521606445312
Win95pts,"I(PrtDataOut,REPEAT,NetPrint)",,50,29,58.00,0.002396106719970703,0.0034089088439941406
Win95pts,"I(PrtCbl,NtwrkCnfg,AppData)",,6,1,16.67,0.0003490447998046875,0.0003788471221923828
Win95pts,"I(PrtMem,NnPSGrphc,AppOK)",,26,7,26.92,0.0013039112091064453,0.0010809898376464844
Win95pts,"I(PTROFFLINE,PrtTimeOut,Problem5)",,7,1,14.29,0.00038504600524902344,0.0007059574127197266
Win95pts,"I(PC2PRT,NtSpd,PrtIcon)",,92,67,72.83,0.004987001419067383,0.00766301155090332
Win95pts,"I(NetOK,PrtQueue,GDIIN)",,18,5,27.78,0.0009279251098632812,0.0013811588287353516
Win95pts,"I(PrtStatToner,IncmpltPS,DrvSet)",,5,3,60.00,0.0005950927734375,0.0008559226989746094
Win95pts,"I(NetOK,PrtStatToner,FntInstlltn)",,18,5,27.78,0.0010459423065185547,0.0010609626770019531
Win95pts,"I(DrvSet,GDIOUT,PSERRMEM)",,47,28,59.57,0.0025398731231689453,0.0026900768280029297
Win95pts,"I(HrglssDrtnAftrPrnt,Problem2,EMFOK)",,55,29,52.73,0.0030469894409179688,0.002920866012573242
Win95pts,"I(IncmpltPS,CblPrtHrdwrOK,PrtStatToner)",,36,12,33.33,0.0017819404602050781,0.0021581649780273438
Win95pts,"I(CmpltPgPrntd,PrtPort,TrTypFnts)",,26,6,23.08,0.0011761188507080078,0.0012888908386230469
Win95pts,"I(ScrnFntNtPrntrFnt,PrtPath,NtGrbld)",,3,1,33.33,0.0002110004425048828,0.0004911422729492188
Win95pts,"I(LclGrbld,PC2PRT,Problem2)",,102,81,79.41,0.005938053131103516,0.0071048736572265625
Win95pts,"I(ScrnFntNtPrntrFnt,PrtTimeOut,PrntrAccptsTrtyp)",,3,1,33.33,0.00023484230041503906,0.0002281665802001953
Win95pts,"I(Problem1,EPSGrphc,GDIOUT)",,92,67,72.83,0.00463414192199707,0.007660865783691406
Win95pts,"I(Problem3,GrbldPS,NtSpd)",,85,50,58.82,0.0038340091705322266,0.005192995071411133
Win95pts,"I(PrtIcon,PrtOn,PrtTimeOut)",,16,4,25.00,0.0008099079132080078,0.0007541179656982422
Win95pts,"I(DskLocal,PrtIcon,IncmpltPS)",,9,1,11.11,0.0005350112915039062,0.0005710124969482422
Win95pts,"I(GrbldOtpt,Problem2,PrtOn)",,74,41,55.41,0.004176139831542969,0.0054950714111328125
Win95pts,"I(PrtStatPaper,PrtStatOff,PC2PRT)",,5,3,60.00,0.00037789344787597656,0.0023670196533203125
Win95pts,"I(AvlblVrtlMmry,NnTTOK,PrtCbl)",,14,3,21.43,0.0007061958312988281,0.001132965087890625
Win95pts,"I(AppDtGnTm,DrvOK,PrtStatToner)",,17,6,35.29,0.0008928775787353516,0.0009770393371582031
Win95pts,"I(DeskPrntSpd,ScrnFntNtPrntrFnt,Problem6)",,38,17,44.74,0.0021169185638427734,0.002830028533935547
Win95pts,"I(FllCrrptdBffr,PSERRMEM,NtwrkCnfg)",,3,1,33.33,0.00034999847412109375,0.00038313865661621094
Win95pts,"I(Problem4,PrtCbl,ScrnFntNtPrntrFnt)",,34,13,38.24,0.0017819404602050781,0.001972198486328125
Win95pts,"I(PgOrnttnOK,NnTTOK,Problem2)",,4,1,25.00,0.0003800392150878906,0.0007450580596923828
Win95pts,"I(NnPSGrphc,PrntngArOK,PrtMpTPth)",,25,6,24.00,0.0013511180877685547,0.0011620521545410156
Win95pts,"I(PrtDriver,PrntPrcssTm,NtSpd)",,12,1,8.33,0.0006270408630371094,0.0007140636444091797
Win95pts,"I(PrtSpool,PrtOn,PrtDataOut)",,14,8,57.14,0.0006909370422363281,0.0015861988067626953
Win95pts,"I(PrtDriver,PrtPath,DeskPrntSpd)",,12,1,8.33,0.0005810260772705078,0.00047898292541503906
Win95pts,"I(NnTTOK,NtGrbld,PrtData)",,56,35,62.50,0.002489805221557617,0.005398988723754883
Win95pts,"I(DeskPrntSpd,DrvSet,CmpltPgPrntd)",,38,13,34.21,0.0015931129455566406,0.0017108917236328125
Win95pts,"I(PrtMem,DS_LCLOK,NetPrint)",,21,2,9.52,0.0013551712036132812,0.0009019374847412109
Win95pts,"I(ScrnFntNtPrntrFnt,PrntPrcssTm,PrtTimeOut)",,3,1,33.33,0.00025200843811035156,0.0002701282501220703
Win95pts,"I(GrbldOtpt,PrtPaper,AppDtGnTm)",,56,19,33.93,0.0022711753845214844,0.0031189918518066406
Win95pts,"I(PrtSel,DrvOK,Problem6)",,6,1,16.67,0.0003330707550048828,0.0013980865478515625
Win95pts,"I(PrtStatMem,GrbldOtpt,NtwrkCnfg)",,63,29,46.03,0.002997875213623047,0.002913951873779297
Win95pts,"I(TnrSpply,TTOK,NtwrkCnfg)",,4,2,50.00,0.0003879070281982422,0.0004699230194091797
Win95pts,"I(GrphcsRltdDrvrSttngs,ScrnFntNtPrntrFnt,Problem1)",,4,1,25.00,0.0002529621124267578,0.002663135528564453
Win95pts,"I(ScrnFntNtPrntrFnt,CblPrtHrdwrOK,PC2PRT)",,3,1,33.33,0.00020503997802734375,0.0018949508666992188
Win95pts,"I(IncmpltPS,PrtStatOff,PrtMpTPth)",,36,12,33.33,0.0017468929290771484,0.0021169185638427734
Win95pts,"I(AppDtGnTm,PrntngArOK,PSGRAPHIC)",,17,6,35.29,0.0007510185241699219,0.0010540485382080078
Win95pts,"I(IncmpltPS,FntInstlltn,NtGrbld)",,36,13,36.11,0.0016980171203613281,0.0024261474609375
Win95pts,"I(PTROFFLINE,PC2PRT,PrtCbl)",,85,69,81.18,0.005528926849365234,0.006201028823852539
Win95pts,"I(ScrnFntNtPrntrFnt,PrtStatMem,PrtSel)",,3,1,33.33,0.0002541542053222656,0.0002779960632324219
Win95pts,"I(PrtQueue,PTROFFLINE,PrtTimeOut)",,3,1,33.33,0.00020694732666015625,0.0002372264862060547
Win95pts,"I(GDIOUT,PrtMpTPth,FntInstlltn)",,46,23,50.00,0.0021009445190429688,0.002621173858642578
Win95pts,"I(PrtFile,GrphcsRltdDrvrSttngs,CmpltPgPrntd)",,51,30,58.82,0.002259969711303711,0.0031321048736572266
Win95pts,"I(PrtPaper,PrtDriver,PrntrAccptsTrtyp)",,4,2,50.00,0.0002510547637939453,0.0003418922424316406
Win95pts,"I(DS_NTOK,AppOK,NnPSGrphc)",,37,11,29.73,0.0017800331115722656,0.0020627975463867188
Win95pts,"I(PrtData,PrtTimeOut,PC2PRT)",,91,66,72.53,0.0047321319580078125,0.0106048583984375
Win95pts,"I(PTROFFLINE,DrvOK,FntInstlltn)",,7,1,14.29,0.0005369186401367188,0.00042510032653808594
Win95pts,"I(HrglssDrtnAftrPrnt,PrtTimeOut,DeskPrntSpd)",,18,9,50.00,0.0009560585021972656,0.0014469623565673828
Win95pts,"I(TstpsTxt,PrtCbl,PrtSpool)",,14,6,42.86,0.0007340908050537109,0.001026153564453125
Win95pts,"I(DrvOK,PrtOn,DeskPrntSpd)",,7,1,14.29,0.00037598609924316406,0.0004010200500488281
Win95pts,"I(GDIIN,LclGrbld,PrtOn)",,57,25,43.86,0.0027627944946289062,0.0031709671020507812
Win95pts,"I(HrglssDrtnAftrPrnt,NetPrint,PrtMem)",,18,7,38.89,0.0009450912475585938,0.0007648468017578125
Win95pts,"I(PrtStatPaper,PrtDriver,GDIIN)",,5,3,60.00,0.0003230571746826172,0.0007700920104980469
Win95pts,"I(GrphcsRltdDrvrSttngs,PC2PRT,PrtMem)",,4,1,25.00,0.0020570755004882812,0.0020999908447265625
Win95pts,"I(PrtStatPaper,PrtSpool,PrtThread)",,5,3,60.00,0.00033593177795410156,0.00040411949157714844
Win95pts,"I(CmpltPgPrntd,PrtThread,PgOrnttnOK)",,26,6,23.08,0.0014460086822509766,0.0011911392211914062
Win95pts,"I(PrtMem,DSApplctn,DeskPrntSpd)",,21,3,14.29,0.0009751319885253906,0.0009188652038574219
Win95pts,"I(AvlblVrtlMmry,PSGRAPHIC,AppDtGnTm)",,14,3,21.43,0.0006978511810302734,0.0012009143829345703
Win95pts,"I(DataFile,NetPrint,GrbldOtpt)",,18,5,27.78,0.0008161067962646484,0.0010519027709960938
Win95pts,"I(ScrnFntNtPrntrFnt,NnPSGrphc,PrtIcon)",,3,1,33.33,0.00034618377685546875,0.00045490264892578125
Win95pts,"I(DS_NTOK,Problem6,AvlblVrtlMmry)",,89,49,55.06,0.004792928695678711,0.005641937255859375
Win95pts,"I(PrtMpTPth,Problem3,CblPrtHrdwrOK)",,5,1,20.00,0.0009491443634033203,0.0007009506225585938
Win95pts,"I(AppOK,ScrnFntNtPrntrFnt,GrphcsRltdDrvrSttngs)",,18,1,5.56,0.0007870197296142578,0.00022602081298828125
Win95pts,"I(PrtMem,PrtStatMem,Problem5)",,22,6,27.27,0.000993967056274414,0.0010211467742919922
Win95pts,"I(NetPrint,Problem6,Problem1)",,84,62,73.81,0.004469871520996094,0.007299900054931641
Win95pts,"I(LclGrbld,PSERRMEM,CmpltPgPrntd)",,47,12,25.53,0.002068042755126953,0.002680063247680664
Win95pts,"I(TTOK,AvlblVrtlMmry,DrvSet)",,25,6,24.00,0.0012259483337402344,0.0011680126190185547
Win95pts,"I(ScrnFntNtPrntrFnt,PrtMpTPth,TrTypFnts)",,3,1,33.33,0.00035190582275390625,0.0002281665802001953
Win95pts,"I(PrtQueue,Problem6,Problem2)",,3,3,100.00,0.0014050006866455078,0.0019588470458984375
Win95pts,"I(PrtSel,TstpsTxt,TrTypFnts)",,6,1,16.67,0.0006659030914306641,0.00037097930908203125
Win95pts,"I(PrtSpool,NnTTOK,DS_LCLOK)",,14,4,28.57,0.0007979869842529297,0.0010521411895751953
Win95pts,"I(PrtCbl,Problem6,PrtOn)",,6,1,16.67,0.001580953598022461,0.0015900135040283203
Win95pts,"I(PrtThread,NtSpd,LclOK)",,9,1,11.11,0.0007829666137695312,0.0006809234619140625
Win95pts,"I(DeskPrntSpd,GDIIN,CblPrtHrdwrOK)",,58,28,48.28,0.0027551651000976562,0.0029489994049072266
Win95pts,"I(PrntPrcssTm,PrtPaper,TnrSpply)",,16,5,31.25,0.0007460117340087891,0.0008559226989746094
Win95pts,"I(CmpltPgPrntd,PrtOn,PrtDriver)",,26,6,23.08,0.0012249946594238281,0.0011739730834960938
Win95pts,"I(PrtStatPaper,FntInstlltn,AppDtGnTm)",,5,3,60.00,0.000331878662109375,0.0004429817199707031
Win95pts,"I(TrTypFnts,HrglssDrtnAftrPrnt,GDIIN)",,2,1,50.00,0.0002789497375488281,0.0007920265197753906
Win95pts,"I(Problem4,GrbldPS,PrtPScript)",,84,45,53.57,0.004117012023925781,0.004633903503417969
Win95pts,"I(LclOK,PrtSel,NnPSGrphc)",,15,5,33.33,0.0007700920104980469,0.001155853271484375
Win95pts,"I(NtwrkCnfg,PrtStatOff,DataFile)",,14,1,7.14,0.0007998943328857422,0.0005002021789550781
Win95pts,"I(HrglssDrtnAftrPrnt,DrvOK,DataFile)",,18,7,38.89,0.0009469985961914062,0.0008509159088134766
Win95pts,"I(PrtQueue,Problem6,PrntngArOK)",,3,1,33.33,0.0020720958709716797,0.0020499229431152344
Win95pts,"I(PrtData,AppOK,Problem6)",,91,75,82.42,0.006273984909057617,0.00896000862121582
Win95pts,"I(GrphcsRltdDrvrSttngs,IncmpltPS,PrtQueue)",,4,1,25.00,0.0005121231079101562,0.0005409717559814453
Win95pts,"I(DrvSet,PTROFFLINE,NnTTOK)",,7,1,14.29,0.0003750324249267578,0.0003669261932373047
Win95pts,"I(Problem5,DS_NTOK,LclOK)",,29,13,44.83,0.001959085464477539,0.0020110607147216797
Win95pts,"I(TrTypFnts,NtSpd,PrtQueue)",,2,1,50.00,0.00047016143798828125,0.0005338191986083984
Win95pts,"I(PrtPort,TnrSpply,PrtSpool)",,6,1,16.67,0.00034809112548828125,0.0002789497375488281
Win95pts,"I(PrtFile,AppDtGnTm,NetPrint)",,51,30,58.82,0.0022459030151367188,0.003206014633178711
Win95pts,"I(Problem1,NetPrint,Problem2)",,91,71,78.02,0.0048558712005615234,0.007806062698364258
Win95pts,"I(Problem3,PrtFile,NtGrbld)",,40,18,45.00,0.00311279296875,0.00454401969909668
Win95pts,"I(NtSpd,IncmpltPS,PrtPath)",,70,33,47.14,0.004230022430419922,0.004189968109130859
Win95pts,"I(NtGrbld,LclOK,Problem1)",,48,28,58.33,0.002237081527709961,0.004817008972167969
Win95pts,"I(CblPrtHrdwrOK,GrphcsRltdDrvrSttngs,PrtData)",,11,6,54.55,0.0005459785461425781,0.002672910690307617
Win95pts,"I(Problem1,PgOrnttnOK,PrtPort)",,92,67,72.83,0.004503011703491211,0.008417129516601562
Win95pts,"I(DrvSet,PrtDriver,PrntngArOK)",,7,1,14.29,0.0004050731658935547,0.0002548694610595703
Win95pts,"I(NnPSGrphc,PrtThread,CblPrtHrdwrOK)",,25,6,24.00,0.0012929439544677734,0.0014259815216064453
Win95pts,"I(AppData,IncmpltPS,PrtData)",,26,19,73.08,0.001291036605834961,0.0037140846252441406
Win95pts,"I(AppDtGnTm,AppOK,DeskPrntSpd)",,17,8,47.06,0.0007421970367431641,0.0008728504180908203
Win95pts,"I(PrntPrcssTm,PrtStatToner,PTROFFLINE)",,16,5,31.25,0.0008039474487304688,0.0010211467742919922
Win95pts,"I(DeskPrntSpd,PrtPath,NtwrkCnfg)",,38,12,31.58,0.0016999244689941406,0.001653909683227539
Win95pts,"I(PrtFile,NnTTOK,DrvOK)",,51,30,58.82,0.0026290416717529297,0.0031571388244628906
Win95pts,"I(PrtPath,NtSpd,Problem1)",,6,6,100.00,0.0006330013275146484,0.0028519630432128906
Win95pts,"I(GDIIN,PrtSpool,PrtPaper)",,32,14,43.75,0.0014019012451171875,0.0018157958984375
Win95pts,"I(TnrSpply,Problem1,PrtQueue)",,122,97,79.51,0.00948786735534668,0.009115934371948242
Win95pts,"I(PTROFFLINE,CmpltPgPrntd,PrtMem)",,7,1,14.29,0.0005521774291992188,0.0004658699035644531
Win95pts,"I(PrtIcon,LclOK,PSERRMEM)",,16,4,25.00,0.0009829998016357422,0.001046895980834961
Win95pts,"I(PrtDriver,PrtPaper,AppData)",,12,1,8.33,0.0006148815155029297,0.00041794776916503906
Win95pts,"I(PrtSpool,Problem5,PrtDriver)",,14,4,28.57,0.0014219284057617188,0.0009930133819580078
Win95pts,"I(PrtMpTPth,PrtPaper,PrntngArOK)",,5,1,20.00,0.0002999305725097656,0.00024390220642089844
Win95pts,"I(HrglssDrtnAftrPrnt,PrtSpool,PrtPath)",,7,4,57.14,0.00038814544677734375,0.00043201446533203125
Win95pts,"I(Problem2,NtwrkCnfg,PrtStatMem)",,45,22,48.89,0.0019211769104003906,0.00220489501953125
Win95pts,"I(NtGrbld,FntInstlltn,PrntrAccptsTrtyp)",,48,11,22.92,0.0019540786743164062,0.0024950504302978516
Win95pts,"I(Problem2,AppOK,CblPrtHrdwrOK)",,50,22,44.00,0.0022840499877929688,0.0026099681854248047
Win95pts,"I(PrtData,PrtQueue,Problem4)",,91,69,75.82,0.004480838775634766,0.008559942245483398
Win95pts,"I(GDIOUT,CblPrtHrdwrOK,NetOK)",,46,23,50.00,0.0019750595092773438,0.0028679370880126953
Win95pts,"I(CblPrtHrdwrOK,FllCrrptdBffr,PrtTimeOut)",,11,1,9.09,0.0005350112915039062,0.0003409385681152344
Win95pts,"I(DataFile,PrtIcon,PrtMpTPth)",,18,1,5.56,0.000865936279296875,0.00031495094299316406
Win95pts,"I(PrtOn,AvlblVrtlMmry,PrntPrcssTm)",,4,2,50.00,0.0002911090850830078,0.0004279613494873047
Win95pts,"I(CmpltPgPrntd,PrtCbl,GDIIN)",,26,6,23.08,0.001177072525024414,0.001600027084350586
Win95pts,"I(PrtPScript,FllCrrptdBffr,PrtFile)",,11,2,18.18,0.0004980564117431641,0.0012249946594238281
Win95pts,"I(CmpltPgPrntd,NtwrkCnfg,FntInstlltn)",,26,6,23.08,0.0012359619140625,0.0013780593872070312
Win95pts,"I(PrtQueue,PrtSpool,Problem3)",,3,1,33.33,0.0002338886260986328,0.0007259845733642578
Win95pts,"I(PSERRMEM,NnPSGrphc,PrtPScript)",,14,6,42.86,0.000759124755859375,0.0010879039764404297
Win95pts,"I(NetOK,IncmpltPS,PrtStatOff)",,18,5,27.78,0.0011630058288574219,0.0014140605926513672
Win95pts,"I(PC2PRT,LclGrbld,PSERRMEM)",,86,59,68.60,0.00421595573425293,0.006757020950317383
Win95pts,"I(PrtMem,PSERRMEM,PrtIcon)",,21,2,9.52,0.001077890396118164,0.001065969467163086
Win95pts,"I(DrvSet,EPSGrphc,GDIOUT)",,7,2,28.57,0.0003769397735595703,0.0007951259613037109
Win95pts,"I(PrtPScript,PrntPrcssTm,PrtData)",,11,2,18.18,0.0005249977111816406,0.0028519630432128906
Win95pts,"I(NtSpd,PSGRAPHIC,PrntngArOK)",,51,22,43.14,0.00226593017578125,0.0026340484619140625
Win95pts,"I(PSGRAPHIC,DrvSet,GrbldOtpt)",,25,9,36.00,0.0011799335479736328,0.0018911361694335938
Win95pts,"I(TrTypFnts,AvlblVrtlMmry,PrtSel)",,2,1,50.00,0.0002110004425048828,0.0002720355987548828
Win95pts,"I(GDIIN,NnPSGrphc,PrtPort)",,38,17,44.74,0.0017287731170654297,0.002203226089477539
Win95pts,"I(Problem6,PgOrnttnOK,Problem3)",,70,35,50.00,0.0029268264770507812,0.0046100616455078125
Win95pts,"I(GDIIN,AvlblVrtlMmry,NetPrint)",,38,17,44.74,0.0016198158264160156,0.0022737979888916016
Win95pts,"I(TnrSpply,NtSpd,PrtThread)",,4,2,50.00,0.0005750656127929688,0.0006639957427978516
Win95pts,"I(HrglssDrtnAftrPrnt,IncmpltPS,REPEAT)",,18,7,38.89,0.0010728836059570312,0.001291036605834961
Win95pts,"I(Problem3,Problem1,PrtCbl)",,143,112,78.32,0.007688999176025391,0.009943008422851562
Win95pts,"I(PrtStatToner,PrtPath,PrntrAccptsTrtyp)",,5,3,60.00,0.00032210350036621094,0.00039005279541015625
Win95pts,"I(FntInstlltn,Problem4,LclGrbld)",,4,1,25.00,0.0005538463592529297,0.0008280277252197266
Win95pts,"I(AppDtGnTm,PrtMem,PC2PRT)",,17,11,64.71,0.0007421970367431641,0.0028150081634521484
Win95pts,"I(DrvOK,DeskPrntSpd,TTOK)",,7,1,14.29,0.0006210803985595703,0.0005588531494140625
Win95pts,"I(GrphcsRltdDrvrSttngs,GrbldOtpt,CblPrtHrdwrOK)",,4,1,25.00,0.0008330345153808594,0.0007250308990478516
Win95pts,"I(PrntrAccptsTrtyp,PrtTimeOut,EPSGrphc)",,3,1,33.33,0.00020384788513183594,0.00023293495178222656
Win95pts,"I(NetPrint,IncmpltPS,PrtPort)",,8,1,12.50,0.00067901611328125,0.0005800724029541016
Win95pts,"I(PrtData,PrtMem,PTROFFLINE)",,81,65,80.25,0.003994941711425781,0.0070230960845947266
Win95pts,"I(NnTTOK,IncmpltPS,NetPrint)",,48,22,45.83,0.0020270347595214844,0.0024170875549316406
Win95pts,"I(PSGRAPHIC,PrtStatOff,PrtPort)",,25,6,24.00,0.0013568401336669922,0.0012180805206298828
Win95pts,"I(PrtStatOff,PrtStatMem,PrtSpool)",,5,3,60.00,0.0003628730773925781,0.000431060791015625
Win95pts,"I(HrglssDrtnAftrPrnt,PrtIcon,PrtOn)",,18,7,38.89,0.0009019374847412109,0.0008530616760253906
Win95pts,"I(PrtThread,PrtPaper,PrtOn)",,9,1,11.11,0.000598907470703125,0.00023221969604492188
Win95pts,"I(LclOK,PrtQueue,TTOK)",,15,5,33.33,0.0007681846618652344,0.0009999275207519531
Win95pts,"I(TstpsTxt,PrntrAccptsTrtyp,PrtThread)",,14,6,42.86,0.0006248950958251953,0.0009250640869140625
Win95pts,"I(PrntngArOK,LclOK,DskLocal)",,4,1,25.00,0.0003781318664550781,0.0003559589385986328
Win95pts,"I(PrtMpTPth,Problem1,GrbldPS)",,125,106,84.80,0.007147073745727539,0.008453130722045898
Win95pts,"I(TrTypFnts,PrtMem,LclGrbld)",,2,1,50.00,0.00017309188842773438,0.0005030632019042969
Win95pts,"I(PTROFFLINE,CmpltPgPrntd,Problem1)",,7,6,85.71,0.0005071163177490234,0.002952098846435547
Win95pts,"I(NtSpd,EPSGrphc,REPEAT)",,46,18,39.13,0.002132892608642578,0.0023140907287597656
Win95pts,"I(Problem5,AppData,NtwrkCnfg)",,29,13,44.83,0.0017390251159667969,0.0016248226165771484
Win95pts,"I(PrtOn,DSApplctn,NetOK)",,4,2,50.00,0.0002579689025878906,0.00047397613525390625
Win95pts,"I(PrntPrcssTm,FntInstlltn,PrtStatToner)",,16,5,31.25,0.0007338523864746094,0.0007882118225097656
Win95pts,"I(PrtDataOut,NetPrint,HrglssDrtnAftrPrnt)",,50,29,58.00,0.002187013626098633,0.002958059310913086
Win95pts,"I(DrvSet,ScrnFntNtPrntrFnt,PrtPScript)",,7,1,14.29,0.0003750324249267578,0.0003688335418701172
Win95pts,"I(PrtCbl,PrtPScript,EPSGrphc)",,6,1,16.67,0.0003330707550048828,0.0002689361572265625
Win95pts,"I(PrtThread,DS_LCLOK,AppDtGnTm)",,9,1,11.11,0.0007119178771972656,0.0005350112915039062
Win95pts,"I(DrvOK,PTROFFLINE,PrntngArOK)",,7,1,14.29,0.0003750324249267578,0.0002319812774658203
Win95pts,"I(CblPrtHrdwrOK,Problem1,HrglssDrtnAftrPrnt)",,126,98,77.78,0.007249116897583008,0.007925987243652344
Win95pts,"I(PrtTimeOut,PC2PRT,PrtPScript)",,3,1,33.33,0.0018241405487060547,0.002003908157348633
Win95pts,"I(GDIOUT,PrtStatToner,PTROFFLINE)",,46,23,50.00,0.0019578933715820312,0.002732992172241211
Win95pts,"I(PrtMem,PrtDriver,PrtFile)",,21,2,9.52,0.0009510517120361328,0.0012469291687011719
Win95pts,"I(PrntngArOK,PrtSpool,Problem2)",,4,1,25.00,0.00025200843811035156,0.0007641315460205078
Win95pts,"I(PSERRMEM,NtGrbld,PrntrAccptsTrtyp)",,14,6,42.86,0.0008819103240966797,0.0011990070343017578
Win95pts,"I(EPSGrphc,PrtStatMem,HrglssDrtnAftrPrnt)",,4,1,25.00,0.0002951622009277344,0.000392913818359375
Win95pts,"I(PrtPScript,PrntrAccptsTrtyp,AvlblVrtlMmry)",,11,2,18.18,0.0004649162292480469,0.0006041526794433594
Win95pts,"I(DrvSet,NetPrint,Problem5)",,7,1,14.29,0.0003750324249267578,0.0008819103240966797
Win95pts,"I(HrglssDrtnAftrPrnt,NetOK,DSApplctn)",,18,7,38.89,0.0009431838989257812,0.0009849071502685547
Win95pts,"I(PrntrAccptsTrtyp,PrtPaper,DrvSet)",,3,1,33.33,0.00021886825561523438,0.00022792816162109375
Win95pts,"I(CmpltPgPrntd,REPEAT,Problem3)",,26,10,38.46,0.0012729167938232422,0.0016088485717773438
Win95pts,"I(PrtPath,PrtPort,PrtSpool)",,6,1,16.67,0.0003330707550048828,0.00026702880859375
Win95pts,"I(ScrnFntNtPrntrFnt,PSGRAPHIC,PrtDataOut)",,3,1,33.33,0.0003349781036376953,0.0009179115295410156
Win95pts,"I(FllCrrptdBffr,PrtStatPaper,PrtPath)",,3,1,33.33,0.00025391578674316406,0.0002810955047607422
Win95pts,"I(LclOK,PrtFile,DataFile)",,15,5,33.33,0.0014910697937011719,0.0014660358428955078
Win95pts,"I(PrtStatOff,NtwrkCnfg,GrbldOtpt)",,5,3,60.00,0.0003209114074707031,0.0008378028869628906
Win95pts,"I(GrbldOtpt,DS_NTOK,PrtData)",,65,45,69.23,0.0030150413513183594,0.0056149959564208984
Win95pts,"I(PrtStatMem,PrtPort,NtwrkCnfg)",,22,3,13.64,0.001155853271484375,0.0006871223449707031
Win95pts,"I(PrtData,NtGrbld,GDIOUT)",,94,72,76.60,0.0047550201416015625,0.007828950881958008
Win95pts,"I(PrtOn,GrbldOtpt,PrtThread)",,4,2,50.00,0.0006771087646484375,0.0007750988006591797
Win95pts,"I(CblPrtHrdwrOK,DskLocal,PTROFFLINE)",,11,1,9.09,0.0005571842193603516,0.0003418922424316406
Win95pts,"I(PrtTimeOut,DataFile,GrbldPS)",,3,1,33.33,0.000209808349609375,0.0008130073547363281
Win95pts,"I(PrtPaper,LclOK,DS_LCLOK)",,4,2,50.00,0.0005168914794921875,0.0007278919219970703
Win95pts,"I(NnTTOK,CmpltPgPrntd,DrvOK)",,27,11,40.74,0.0013849735260009766,0.0014030933380126953
Win95pts,"I(PrtStatToner,DS_LCLOK,PrtIcon)",,5,3,60.00,0.0006079673767089844,0.0009119510650634766
Win95pts,"I(AppOK,PSGRAPHIC,NnTTOK)",,18,1,5.56,0.0009360313415527344,0.0004978179931640625
Win95pts,"I(Problem1,EPSGrphc,NnPSGrphc)",,92,68,73.91,0.004611968994140625,0.007961034774780273
Win95pts,"I(PrntngArOK,DataFile,PC2PRT)",,4,1,25.00,0.0002529621124267578,0.0018858909606933594
Win95pts,"I(AvlblVrtlMmry,NnTTOK,TstpsTxt)",,14,5,35.71,0.0006778240203857422,0.0011141300201416016
Win95pts,"I(PgOrnttnOK,PrtStatMem,PrtStatToner)",,4,1,25.00,0.0002951622009277344,0.00031185150146484375
Win95pts,"I(PrtStatPaper,PrtDriver,LclGrbld)",,5,3,60.00,0.0003218650817871094,0.0006499290466308594
Win95pts,"I(PrtMem,PrtPath,REPEAT)",,21,2,9.52,0.0009520053863525391,0.0007259845733642578
Win95pts,"I(PrntPrcssTm,CblPrtHrdwrOK,PrtDataOut)",,16,9,56.25,0.0007369518280029297,0.0016679763793945312
Win95pts,"I(NetPrint,TTOK,PrtStatOff)",,8,1,12.50,0.0005412101745605469,0.0004799365997314453
Win95pts,"I(LclOK,PrtPath,HrglssDrtnAftrPrnt)",,15,5,33.33,0.0007920265197753906,0.0009679794311523438
Win95pts,"I(PrtStatOff,Problem3,DS_LCLOK)",,5,3,60.00,0.0009360313415527344,0.0011320114135742188
Win95pts,"I(AvlblVrtlMmry,PrntPrcssTm,NtGrbld)",,14,3,21.43,0.0005939006805419922,0.0011279582977294922
Win95pts,"I(GrbldOtpt,NnTTOK,FntInstlltn)",,61,24,39.34,0.0027000904083251953,0.0032639503479003906
Win95pts,"I(CmpltPgPrntd,PC2PRT,NtSpd)",,26,8,30.77,0.002774953842163086,0.0033740997314453125
Win95pts,"I(DataFile,Problem4,PrtOn)",,18,1,5.56,0.0012640953063964844,0.0005350112915039062
Win95pts,"I(PrtPort,NetOK,TnrSpply)",,6,1,16.67,0.0004639625549316406,0.00039505958557128906
Win95pts,"I(PSERRMEM,REPEAT,Problem6)",,14,9,64.29,0.0007069110870361328,0.002226114273071289
Win95pts,"I(IncmpltPS,NetOK,ScrnFntNtPrntrFnt)",,36,12,33.33,0.0016858577728271484,0.002123117446899414
Win95pts,"I(DeskPrntSpd,PrtStatOff,REPEAT)",,38,12,31.58,0.0017800331115722656,0.001703023910522461
Win95pts,"I(GDIIN,PrtMem,PrtQueue)",,38,17,44.74,0.001580953598022461,0.0022249221801757812
Win95pts,"I(PrtPort,PTROFFLINE,GrbldPS)",,6,1,16.67,0.00037598609924316406,0.0008780956268310547
Win95pts,"I(Problem4,AppData,Problem3)",,34,17,50.00,0.001779794692993164,0.0027348995208740234
Win95pts,"I(GDIOUT,NetPrint,PrtStatToner)",,46,23,50.00,0.001995086669921875,0.002856016159057617
Win95pts,"I(PrtSpool,CblPrtHrdwrOK,TTOK)",,14,4,28.57,0.0006690025329589844,0.0008089542388916016
Win95pts,"I(AvlblVrtlMmry,PrtMem,PrtOn)",,14,3,21.43,0.0005590915679931641,0.0008609294891357422
Win95pts,"I(PrtStatToner,Problem2,PrtIcon)",,5,3,60.00,0.0008690357208251953,0.0009019374847412109
Win95pts,"I(AppDtGnTm,LclGrbld,DataFile)",,17,6,35.29,0.001046895980834961,0.0010921955108642578
Win95pts,"I(NtwrkCnfg,DrvSet,GDIOUT)",,14,1,7.14,0.0006911754608154297,0.0010898113250732422
Win95pts,"I(PrtStatPaper,Problem4,Problem5)",,5,3,60.00,0.0006310939788818359,0.0012199878692626953
Win95pts,"I(PrtMem,PrtCbl,FllCrrptdBffr)",,21,2,9.52,0.0009961128234863281,0.0006649494171142578
Win95pts,"I(PrntPrcssTm,PrtStatPaper,PrtPaper)",,16,5,31.25,0.0009539127349853516,0.0007851123809814453
Win95pts,"I(NnTTOK,PrntrAccptsTrtyp,CblPrtHrdwrOK)",,25,6,24.00,0.0011899471282958984,0.001107931137084961
Win95pts,"I(PrtPaper,PrtSpool,PrtDataOut)",,4,2,50.00,0.00025200843811035156,0.0009019374847412109
Win95pts,"I(NnPSGrphc,Problem2,DrvSet)",,62,33,53.23,0.0029981136322021484,0.003283977508544922
Win95pts,"I(PrtMem,PrtTimeOut,NtGrbld)",,21,3,14.29,0.0009620189666748047,0.0009729862213134766
Win95pts,"I(TstpsTxt,AppDtGnTm,PrntrAccptsTrtyp)",,14,6,42.86,0.0006659030914306641,0.0009958744049072266
Win95pts,"I(PrtQueue,PrtDataOut,PrtPaper)",,3,1,33.33,0.0009369850158691406,0.0007951259613037109
Win95pts,"I(NetPrint,ScrnFntNtPrntrFnt,PrntPrcssTm)",,8,1,12.50,0.0004169940948486328,0.0003509521484375
Win95pts,"I(PrtPaper,TstpsTxt,CblPrtHrdwrOK)",,4,2,50.00,0.000370025634765625,0.0004718303680419922
Win95pts,"I(DeskPrntSpd,Problem4,ScrnFntNtPrntrFnt)",,56,28,50.00,0.0026428699493408203,0.002802133560180664
Win95pts,"I(PrtStatOff,PSGRAPHIC,CmpltPgPrntd)",,5,3,60.00,0.0004761219024658203,0.0007910728454589844
Win95pts,"I(DeskPrntSpd,TnrSpply,PrtPath)",,38,12,31.58,0.0016829967498779297,0.0016357898712158203
Win95pts,"I(NetPrint,PrntngArOK,TrTypFnts)",,8,1,12.50,0.0004241466522216797,0.0003209114074707031
Win95pts,"I(NtSpd,ScrnFntNtPrntrFnt,PC2PRT)",,46,25,54.35,0.0024030208587646484,0.004204988479614258
Win95pts,"I(Problem4,Problem1,PSGRAPHIC)",,137,108,78.83,0.008045196533203125,0.00946497917175293
Win95pts,"I(PrtDriver,NtwrkCnfg,IncmpltPS)",,12,1,8.33,0.0005848407745361328,0.0005691051483154297
Win95pts,"I(AppData,TrTypFnts,IncmpltPS)",,26,4,15.38,0.0009708404541015625,0.001374959945678711
Win95pts,"I(PrtData,Problem4,PrtStatMem)",,110,82,74.55,0.0056018829345703125,0.008999824523925781
Win95pts,"I(NtwrkCnfg,PrtMpTPth,Problem1)",,14,6,42.86,0.0006620883941650391,0.002794027328491211
Win95pts,"I(PrtPort,TnrSpply,IncmpltPS)",,6,1,16.67,0.0003719329833984375,0.0005540847778320312
Win95pts,"I(PrtStatMem,TnrSpply,AppOK)",,22,3,13.64,0.0010461807250976562,0.0007398128509521484
Win95pts,"I(FntInstlltn,CblPrtHrdwrOK,PrtData)",,4,1,25.00,0.00026106834411621094,0.002527952194213867
Win95pts,"I(PrntrAccptsTrtyp,PrntngArOK,TstpsTxt)",,3,1,33.33,0.000202178955078125,0.0003647804260253906
Win95pts,"I(FntInstlltn,PTROFFLINE,EMFOK)",,4,1,25.00,0.00025010108947753906,0.0004990100860595703
Win95pts,"I(PTROFFLINE,NtGrbld,DeskPrntSpd)",,7,1,14.29,0.000782012939453125,0.0007619857788085938
Win95pts,"I(PrtSpool,TnrSpply,TTOK)",,14,4,28.57,0.0006570816040039062,0.0007588863372802734
Win95pts,"I(PrtDataOut,NetPrint,HrglssDrtnAftrPrnt)",,50,29,58.00,0.002176046371459961,0.0031120777130126953
Win95pts,"I(PSERRMEM,PrtPaper,LclGrbld)",,14,6,42.86,0.0006558895111083984,0.0017459392547607422
Win95pts,"I(IncmpltPS,TrTypFnts,PrtMem)",,36,12,33.33,0.0016188621520996094,0.0021600723266601562
Win95pts,"I(PrtIcon,TstpsTxt,PrtSpool)",,16,4,25.00,0.0011031627655029297,0.0009119510650634766
Win95pts,"I(Problem5,PrtMem,GrphcsRltdDrvrSttngs)",,12,12,100.00,0.0007369518280029297,0.0011670589447021484
Win95pts,"I(PrtData,TnrSpply,PrtPScript)",,90,65,72.22,0.004389047622680664,0.007617950439453125
Win95pts,"I(DskLocal,TrTypFnts,AppData)",,9,1,11.11,0.00047588348388671875,0.0003380775451660156
Win95pts,"I(PSERRMEM,PrtOn,CmpltPgPrntd)",,14,6,42.86,0.0006520748138427734,0.001127004623413086
Win95pts,"I(PSGRAPHIC,ScrnFntNtPrntrFnt,PrtDriver)",,25,6,24.00,0.001210927963256836,0.0012950897216796875
Win95pts,"I(TrTypFnts,DSApplctn,CmpltPgPrntd)",,2,1,50.00,0.0001709461212158203,0.0003581047058105469
Win95pts,"I(NetOK,PC2PRT,DeskPrntSpd)",,86,70,81.40,0.005257129669189453,0.006413936614990234
Win95pts,"I(GrphcsRltdDrvrSttngs,LclOK,LclGrbld)",,4,1,25.00,0.0005490779876708984,0.0006730556488037109
Win95pts,"I(NtwrkCnfg,PrntrAccptsTrtyp,LclGrbld)",,14,1,7.14,0.0006899833679199219,0.000701904296875
Win95pts,"I(PrtMem,PC2PRT,PrtPaper)",,21,2,9.52,0.002808094024658203,0.0024230480194091797
Win95pts,"I(PrtQueue,TTOK,PrtStatOff)",,3,1,33.33,0.0003368854522705078,0.0004000663757324219
Win95pts,"I(AppOK,DataFile,PrtDataOut)",,18,7,38.89,0.000782012939453125,0.0013108253479003906
Win95pts,"I(NnTTOK,PSGRAPHIC,DrvSet)",,30,11,36.67,0.0016880035400390625,0.0015411376953125
